SNP,WT-IC_1.vcf,Wt-IP_1.vcf,Wt-S_1.vcf
snp1,0,0,0
snp2,1,0,0
snp3,1,0,0
snp4,1,0,0
snp5,1,0,1
snp6,1,0,0
snp7,1,0,0
snp8,1,0,0
snp9,1,0,0
snp10,1,0,0
snp11,1,0,0
snp12,1,0,0
snp13,1,0,0
snp14,1,0,1
snp15,1,0,0
snp16,1,0,0
snp17,1,0,0
snp18,1,1,1
snp19,1,0,0
snp20,1,0,0
snp21,1,0,0
snp22,1,0,1
snp23,1,0,1
snp24,1,0,0
snp25,1,0,0
snp26,1,0,0
snp27,1,0,0
snp28,1,0,0
snp29,1,0,1
snp30,1,0,1
snp31,1,0,0
snp32,1,0,0
snp33,1,0,0
snp34,1,0,0
snp35,1,0,0
snp36,1,0,0
snp37,1,0,0
snp38,1,0,1
snp39,1,0,0
snp40,1,0,0
snp41,1,0,0
snp42,1,0,0
snp43,1,0,0
snp44,1,0,0
snp45,1,0,0
snp46,1,0,1
snp47,1,0,0
snp48,1,0,0
snp49,1,0,0
snp50,1,0,0
snp51,1,0,0
snp52,1,0,1
snp53,1,0,1
snp54,1,0,1
snp55,1,0,0
snp56,1,1,1
snp57,1,0,0
snp58,1,0,0
snp59,1,0,0
snp60,1,0,0
snp61,1,0,0
snp62,1,0,0
snp63,1,0,1
snp64,1,0,1
snp65,1,0,0
snp66,1,0,0
snp67,1,0,0
snp68,1,0,0
snp69,1,0,0
snp70,1,0,0
snp71,1,1,1
snp72,1,0,0
snp73,1,0,0
snp74,1,0,0
snp75,1,0,0
snp76,1,0,0
snp77,1,0,0
snp78,1,0,0
snp79,1,0,0
snp80,1,0,0
snp81,1,0,0
snp82,1,0,0
snp83,1,0,0
snp84,1,0,0
snp85,1,0,0
snp86,1,0,0
snp87,1,0,0
snp88,1,0,0
snp89,1,0,0
snp90,1,0,1
snp91,1,0,1
snp92,1,0,0
snp93,1,0,0
snp94,1,0,0
snp95,1,0,0
snp96,1,0,1
snp97,1,0,0
snp98,1,0,0
snp99,1,0,0
snp100,1,0,0
snp101,1,0,0
snp102,1,0,0
snp103,1,0,0
snp104,1,0,0
snp105,1,0,0
snp106,1,0,0
snp107,1,0,0
snp108,1,0,0
snp109,1,0,0
snp110,1,0,0
snp111,1,0,0
snp112,1,0,1
snp113,1,0,0
snp114,1,1,1
snp115,1,0,0
snp116,1,0,0
snp117,1,0,0
snp118,1,0,0
snp119,1,0,0
snp120,1,0,0
snp121,1,0,0
snp122,1,0,0
snp123,1,0,0
snp124,1,0,0
snp125,1,1,1
snp126,1,0,0
snp127,1,0,1
snp128,1,0,0
snp129,1,0,0
snp130,1,0,0
snp131,1,0,0
snp132,1,0,1
snp133,1,0,0
snp134,1,0,0
snp135,1,0,0
snp136,1,0,0
snp137,1,0,1
snp138,1,0,0
snp139,1,0,1
snp140,1,0,1
snp141,1,0,1
snp142,1,0,0
snp143,1,0,0
snp144,1,0,0
snp145,1,0,0
snp146,1,0,1
snp147,1,1,1
snp148,1,0,0
snp149,1,0,0
snp150,1,0,0
snp151,1,0,0
snp152,1,0,0
snp153,1,0,0
snp154,1,0,0
snp155,1,0,0
snp156,1,0,0
snp157,1,0,0
snp158,1,0,0
snp159,1,0,0
snp160,1,0,0
snp161,1,0,0
snp162,1,0,0
snp163,1,0,0
snp164,1,0,1
snp165,1,0,0
snp166,1,0,0
snp167,1,0,0
snp168,1,0,0
snp169,1,0,1
snp170,1,0,1
snp171,1,0,1
snp172,1,0,0
snp173,1,0,0
snp174,1,0,1
snp175,1,1,0
snp176,1,0,0
snp177,1,0,0
snp178,1,0,0
snp179,1,0,0
snp180,1,0,0
snp181,1,0,0
snp182,1,0,0
snp183,1,0,0
snp184,1,0,0
snp185,1,0,0
snp186,1,0,0
snp187,1,0,0
snp188,1,0,1
snp189,1,0,1
snp190,1,0,1
snp191,1,0,1
snp192,1,0,0
snp193,1,0,0
snp194,1,0,0
snp195,1,0,0
snp196,1,0,0
snp197,1,0,0
snp198,1,0,1
snp199,1,0,0
snp200,1,0,0
snp201,1,0,1
snp202,1,0,0
snp203,1,0,0
snp204,1,0,0
snp205,1,0,0
snp206,1,0,0
snp207,1,0,0
snp208,1,0,0
snp209,1,0,0
snp210,1,0,0
snp211,1,0,0
snp212,1,0,0
snp213,1,0,0
snp214,1,0,0
snp215,1,0,0
snp216,1,0,0
snp217,1,0,1
snp218,1,0,0
snp219,1,0,0
snp220,1,0,0
snp221,1,0,0
snp222,1,0,0
snp223,1,0,0
snp224,1,0,0
snp225,1,0,0
snp226,1,0,0
snp227,1,0,0
snp228,1,0,0
snp229,1,0,1
snp230,1,0,0
snp231,1,0,0
snp232,1,0,0
snp233,1,0,0
snp234,1,0,0
snp235,1,0,0
snp236,1,0,0
snp237,1,0,0
snp238,1,0,0
snp239,1,0,0
snp240,1,0,0
snp241,1,0,0
snp242,1,0,0
snp243,1,1,1
snp244,1,1,1
snp245,1,1,1
snp246,1,0,1
snp247,1,0,1
snp248,1,0,0
snp249,1,0,0
snp250,1,0,0
snp251,1,0,0
snp252,1,0,0
snp253,1,0,0
snp254,1,1,1
snp255,1,0,0
snp256,1,0,0
snp257,1,0,0
snp258,1,0,0
snp259,1,0,0
snp260,1,0,0
snp261,1,0,0
snp262,1,0,0
snp263,1,0,0
snp264,1,0,1
snp265,1,1,1
snp266,1,1,1
snp267,1,1,1
snp268,1,0,1
snp269,1,0,0
snp270,1,0,0
snp271,1,0,1
snp272,1,0,1
snp273,1,0,0
snp274,1,0,0
snp275,1,0,1
snp276,1,0,1
snp277,1,0,1
snp278,1,0,1
snp279,1,0,1
snp280,1,0,0
snp281,1,0,1
snp282,1,0,1
snp283,1,0,0
snp284,1,0,1
snp285,1,0,0
snp286,1,0,0
snp287,1,0,1
snp288,1,0,0
snp289,1,0,0
snp290,1,0,0
snp291,1,0,0
snp292,1,0,0
snp293,1,0,0
snp294,1,1,1
snp295,1,0,0
snp296,1,0,0
snp297,1,0,0
snp298,1,1,0
snp299,1,0,0
snp300,1,0,0
snp301,1,0,0
snp302,1,0,0
snp303,1,0,1
snp304,1,0,0
snp305,1,0,0
snp306,1,0,0
snp307,1,0,0
snp308,1,0,0
snp309,1,0,0
snp310,1,0,0
snp311,1,0,0
snp312,1,0,0
snp313,1,0,0
snp314,1,0,0
snp315,1,0,0
snp316,1,0,0
snp317,1,0,0
snp318,1,1,1
snp319,1,0,0
snp320,1,0,1
snp321,1,0,0
snp322,1,0,1
snp323,1,0,0
snp324,1,0,0
snp325,1,0,0
snp326,1,0,0
snp327,1,0,0
snp328,1,0,0
snp329,1,0,1
snp330,1,0,0
snp331,1,0,0
snp332,1,0,0
snp333,1,0,0
snp334,1,0,0
snp335,1,0,1
snp336,1,0,1
snp337,1,0,1
snp338,1,0,1
snp339,1,0,1
snp340,1,0,0
snp341,1,0,0
snp342,1,0,0
snp343,1,0,0
snp344,1,0,0
snp345,1,0,0
snp346,1,0,0
snp347,1,0,0
snp348,1,0,0
snp349,1,0,0
snp350,1,0,0
snp351,1,0,0
snp352,1,0,0
snp353,1,0,0
snp354,1,0,0
snp355,1,0,0
snp356,1,0,0
snp357,1,1,1
snp358,1,0,0
snp359,1,0,0
snp360,1,0,0
snp361,1,0,0
snp362,1,0,0
snp363,1,0,1
snp364,1,0,1
snp365,1,0,1
snp366,1,1,1
snp367,1,1,1
snp368,1,0,0
snp369,1,0,0
snp370,1,0,0
snp371,1,0,0
snp372,1,0,0
snp373,1,0,0
snp374,1,0,0
snp375,1,0,1
snp376,1,0,0
snp377,1,0,0
snp378,1,0,0
snp379,1,0,0
snp380,1,0,0
snp381,1,0,0
snp382,1,0,0
snp383,1,0,0
snp384,1,0,1
snp385,1,0,0
snp386,1,0,0
snp387,1,0,0
snp388,1,0,0
snp389,1,0,0
snp390,1,0,0
snp391,1,0,0
snp392,1,0,0
snp393,1,0,1
snp394,1,0,0
snp395,1,0,0
snp396,1,0,0
snp397,1,0,0
snp398,1,0,0
snp399,1,0,0
snp400,1,0,0
snp401,1,0,0
snp402,1,0,0
snp403,1,0,0
snp404,1,0,0
snp405,1,0,1
snp406,1,1,1
snp407,1,0,0
snp408,1,0,0
snp409,1,1,1
snp410,1,0,0
snp411,1,0,0
snp412,1,0,0
snp413,1,0,0
snp414,1,1,1
snp415,1,0,0
snp416,1,0,1
snp417,1,0,0
snp418,1,0,0
snp419,1,0,0
snp420,1,0,0
snp421,1,0,0
snp422,1,0,0
snp423,1,0,0
snp424,1,0,0
snp425,1,0,1
snp426,1,0,0
snp427,1,0,0
snp428,1,0,0
snp429,1,0,0
snp430,1,0,0
snp431,1,1,1
snp432,1,1,0
snp433,1,0,0
snp434,1,0,1
snp435,1,0,0
snp436,1,0,0
snp437,1,0,1
snp438,1,0,0
snp439,1,0,0
snp440,1,0,0
snp441,1,0,0
snp442,1,0,0
snp443,1,0,1
snp444,1,0,1
snp445,1,0,0
snp446,1,0,0
snp447,1,0,0
snp448,1,0,0
snp449,1,0,0
snp450,1,0,0
snp451,1,0,0
snp452,1,0,1
snp453,1,0,0
snp454,1,0,0
snp455,1,0,0
snp456,1,1,1
snp457,1,0,0
snp458,1,0,0
snp459,1,0,0
snp460,1,0,0
snp461,1,0,0
snp462,1,0,0
snp463,1,0,0
snp464,1,0,0
snp465,1,0,0
snp466,1,0,0
snp467,1,0,0
snp468,1,0,0
snp469,1,0,0
snp470,1,0,0
snp471,1,0,0
snp472,1,0,1
snp473,1,0,0
snp474,1,0,0
snp475,1,0,0
snp476,1,0,0
snp477,1,0,0
snp478,1,0,0
snp479,1,0,0
snp480,1,0,0
snp481,1,0,0
snp482,1,0,0
snp483,1,0,0
snp484,1,0,0
snp485,1,0,0
snp486,1,0,0
snp487,1,0,1
snp488,1,0,0
snp489,1,0,0
snp490,1,0,0
snp491,1,0,0
snp492,1,0,1
snp493,1,0,0
snp494,1,0,0
snp495,1,0,0
snp496,1,0,0
snp497,1,0,0
snp498,1,0,0
snp499,1,0,0
snp500,1,0,0
snp501,1,0,0
snp502,1,0,0
snp503,1,0,0
snp504,1,0,1
snp505,1,0,0
snp506,1,1,1
snp507,1,0,1
snp508,1,0,0
snp509,1,0,0
snp510,1,0,1
snp511,1,0,0
snp512,1,0,0
snp513,1,0,0
snp514,1,0,0
snp515,1,0,0
snp516,1,0,0
snp517,1,0,0
snp518,1,0,0
snp519,1,0,0
snp520,1,0,0
snp521,1,0,0
snp522,1,0,0
snp523,1,0,0
snp524,1,0,0
snp525,1,0,0
snp526,1,0,0
snp527,1,0,0
snp528,1,0,0
snp529,1,0,1
snp530,1,0,0
snp531,1,0,0
snp532,1,0,0
snp533,1,0,0
snp534,1,0,0
snp535,1,0,0
snp536,1,0,0
snp537,1,0,1
snp538,1,0,0
snp539,1,0,0
snp540,1,1,1
snp541,1,0,0
snp542,1,0,0
snp543,1,0,0
snp544,1,0,0
snp545,1,0,0
snp546,1,0,0
snp547,1,0,0
snp548,1,0,0
snp549,1,0,0
snp550,1,0,0
snp551,1,0,0
snp552,1,0,0
snp553,1,0,0
snp554,1,0,1
snp555,1,0,0
snp556,1,0,0
snp557,1,0,0
snp558,1,0,0
snp559,1,0,0
snp560,1,0,0
snp561,1,0,0
snp562,1,0,0
snp563,1,0,0
snp564,1,0,1
snp565,1,0,0
snp566,1,0,0
snp567,1,0,0
snp568,1,0,0
snp569,1,0,0
snp570,1,0,0
snp571,1,0,0
snp572,1,0,1
snp573,1,1,1
snp574,1,0,0
snp575,1,0,0
snp576,1,0,0
snp577,1,0,0
snp578,1,0,0
snp579,1,0,0
snp580,1,0,0
snp581,1,0,0
snp582,1,0,0
snp583,1,0,0
snp584,1,0,0
snp585,1,0,0
snp586,1,0,0
snp587,1,0,0
snp588,1,0,0
snp589,1,0,0
snp590,0,1,0
snp591,0,1,0
snp592,0,1,0
snp593,0,1,0
snp594,0,1,0
snp595,0,1,0
snp596,0,1,0
snp597,0,1,0
snp598,0,1,0
snp599,0,1,0
snp600,0,1,0
snp601,0,1,0
snp602,0,1,0
snp603,0,1,0
snp604,0,1,0
snp605,0,1,0
snp606,0,1,0
snp607,0,1,0
snp608,0,1,0
snp609,0,1,0
snp610,0,1,0
snp611,0,1,1
snp612,0,1,0
snp613,0,1,0
snp614,0,1,0
snp615,0,1,0
snp616,0,1,0
snp617,0,1,0
snp618,0,1,0
snp619,0,1,0
snp620,0,1,0
snp621,0,1,0
snp622,0,1,0
snp623,0,1,0
snp624,0,1,0
snp625,0,1,0
snp626,0,1,0
snp627,0,1,0
snp628,0,1,0
snp629,0,1,0
snp630,0,1,0
snp631,0,1,0
snp632,0,1,0
snp633,0,1,0
snp634,0,1,0
snp635,0,1,0
0,0,0,0
snp637,0,1,0
snp638,0,1,0
snp639,0,1,0
snp640,0,1,0
snp641,0,1,0
snp642,0,1,0
snp643,0,1,0
snp644,0,1,0
snp645,0,1,0
snp646,0,1,0
snp647,0,1,0
snp648,0,1,0
snp649,0,1,0
snp650,0,1,0
snp651,0,1,0
snp652,0,1,0
snp653,0,1,0
snp654,0,1,0
snp655,0,1,0
snp656,0,1,0
snp657,0,1,0
snp658,0,1,0
snp659,0,1,0
snp660,0,1,0
snp661,0,1,0
snp662,0,1,0
snp663,0,1,0
snp664,0,1,0
snp665,0,1,0
snp666,0,1,0
snp667,0,1,0
snp668,0,1,0
snp669,0,1,0
snp670,0,1,0
snp671,0,1,0
snp672,0,1,0
snp673,0,1,0
snp674,0,1,0
snp675,0,1,0
snp676,0,1,0
snp677,0,1,0
snp678,0,1,0
snp679,0,1,0
snp680,0,1,0
snp681,0,1,0
snp682,0,1,0
snp683,0,1,0
snp684,0,1,0
snp685,0,1,0
snp686,0,1,0
snp687,0,1,0
snp688,0,1,0
snp689,0,1,0
snp690,0,1,0
snp691,0,1,0
snp692,0,1,0
snp693,0,1,0
snp694,0,1,0
snp695,0,1,0
snp696,0,1,0
snp697,0,1,0
snp698,0,1,0
snp699,0,1,0
snp700,0,1,0
snp701,0,1,0
snp702,0,1,0
snp703,0,1,1
snp704,0,1,0
snp705,0,1,0
snp706,0,1,0
snp707,0,1,0
snp708,0,1,0
snp709,0,1,0
snp710,0,1,0
snp711,0,1,0
0,0,0,0
snp713,0,1,0
snp714,0,1,0
snp715,0,1,0
snp716,0,1,0
snp717,0,1,0
snp718,0,1,0
snp719,0,1,0
snp720,0,1,0
snp721,0,1,0
snp722,0,1,0
snp723,0,1,0
snp724,0,1,0
snp725,0,1,1
snp726,0,1,1
snp727,0,1,0
snp728,0,1,0
snp729,0,1,0
snp730,0,1,0
snp731,0,1,0
snp732,0,1,0
snp733,0,1,0
snp734,0,1,0
snp735,0,1,0
snp736,0,1,0
snp737,0,1,0
snp738,0,1,0
snp739,0,1,0
snp740,0,1,0
snp741,0,1,0
snp742,0,1,0
snp743,0,1,0
snp744,0,1,0
snp745,0,1,0
snp746,0,1,0
snp747,0,1,0
snp748,0,1,0
snp749,0,1,0
snp750,0,1,0
snp751,0,1,0
snp752,0,1,0
snp753,0,1,1
0,0,0,0
snp755,0,1,0
snp756,0,1,0
snp757,0,1,0
snp758,0,1,0
snp759,0,1,0
snp760,0,1,0
snp761,0,1,0
snp762,0,1,0
snp763,0,1,0
snp764,0,1,0
snp765,0,1,0
snp766,0,1,0
snp767,0,1,0
snp768,0,1,0
snp769,0,1,0
snp770,0,1,0
snp771,0,1,0
snp772,0,1,0
snp773,0,1,0
snp774,0,1,0
snp775,0,1,0
snp776,0,1,0
snp777,0,1,0
snp778,0,1,0
snp779,0,1,0
snp780,0,1,0
snp781,0,1,0
snp782,0,1,0
snp783,0,1,0
snp784,0,1,0
snp785,0,1,0
snp786,0,1,0
snp787,0,1,0
snp788,0,1,0
snp789,0,1,1
snp790,0,1,0
snp791,0,1,0
snp792,0,1,0
snp793,0,1,0
snp794,0,1,0
snp795,0,1,0
snp796,0,1,0
snp797,0,1,0
snp798,0,1,0
snp799,0,1,0
snp800,0,1,0
snp801,0,1,0
snp802,0,1,0
snp803,0,1,0
snp804,0,1,0
snp805,0,1,0
snp806,0,1,0
snp807,0,1,0
snp808,0,1,0
snp809,0,1,0
snp810,0,1,0
snp811,0,1,0
snp812,0,1,0
snp813,0,1,0
snp814,0,1,0
snp815,0,1,0
snp816,0,1,0
snp817,0,1,0
snp818,0,1,0
snp819,0,1,0
snp820,0,1,0
snp821,0,1,0
snp822,0,1,0
snp823,0,1,0
snp824,0,1,0
snp825,0,1,0
snp826,0,1,0
snp827,0,1,0
snp828,0,1,0
snp829,0,1,0
snp830,0,1,0
snp831,0,1,0
snp832,0,1,0
snp833,0,1,0
snp834,0,1,0
snp835,0,1,0
snp836,0,1,0
snp837,0,1,0
snp838,0,1,0
snp839,0,1,0
snp840,0,1,0
snp841,0,1,0
snp842,0,1,1
snp843,0,1,1
0,0,0,0
snp845,0,1,0
snp846,0,1,0
snp847,0,1,0
snp848,0,1,0
snp849,0,1,0
snp850,0,1,0
snp851,0,1,0
snp852,0,1,0
snp853,0,1,0
snp854,0,1,0
snp855,0,1,0
snp856,0,1,0
snp857,0,1,0
snp858,0,1,0
snp859,0,1,0
snp860,0,1,0
snp861,0,1,0
0,0,0,0
snp863,0,1,0
snp864,0,1,0
snp865,0,1,0
snp866,0,1,0
snp867,0,1,0
snp868,0,1,0
snp869,0,1,0
snp870,0,1,0
snp871,0,1,0
snp872,0,1,0
snp873,0,1,0
snp874,0,1,0
snp875,0,1,0
snp876,0,1,0
snp877,0,1,0
snp878,0,1,0
snp879,0,1,0
snp880,0,1,0
snp881,0,1,0
snp882,0,1,0
snp883,0,1,0
snp884,0,1,0
snp885,0,1,0
snp886,0,1,0
snp887,0,1,0
snp888,0,1,0
snp889,0,1,0
snp890,0,1,0
0,0,0,0
snp892,0,1,0
snp893,0,1,0
snp894,0,1,0
snp895,0,1,0
snp896,0,1,0
snp897,0,1,0
snp898,0,1,0
snp899,0,1,0
snp900,0,1,0
snp901,0,1,0
snp902,0,1,0
snp903,0,1,0
snp904,0,1,0
snp905,0,1,0
snp906,0,1,0
snp907,0,1,0
snp908,0,1,0
snp909,0,1,0
snp910,0,1,0
snp911,0,1,0
snp912,0,1,0
snp913,0,1,0
snp914,0,1,0
snp915,0,1,0
snp916,0,1,0
snp917,0,1,0
snp918,0,1,0
snp919,0,1,0
snp920,0,1,0
snp921,0,1,0
snp922,0,1,0
snp923,0,1,0
snp924,0,1,0
snp925,0,1,0
snp926,0,1,0
snp927,0,1,0
snp928,0,1,0
snp929,0,1,0
snp930,0,1,0
snp931,0,1,0
snp932,0,1,0
snp933,0,1,0
snp934,0,1,0
snp935,0,1,0
snp936,0,1,0
snp937,0,1,0
snp938,0,1,0
snp939,0,1,0
snp940,0,1,0
snp941,0,1,0
snp942,0,1,0
snp943,0,1,1
snp944,0,1,0
snp945,0,1,0
snp946,0,1,0
snp947,0,1,0
snp948,0,1,0
snp949,0,1,0
snp950,0,1,0
snp951,0,1,0
snp952,0,1,0
snp953,0,1,0
snp954,0,1,0
snp955,0,1,0
snp956,0,1,0
snp957,0,1,0
snp958,0,1,0
snp959,0,1,0
0,0,0,0
snp961,0,1,0
snp962,0,1,0
snp963,0,1,0
snp964,0,1,0
snp965,0,1,0
snp966,0,1,0
snp967,0,1,0
snp968,0,1,0
snp969,0,1,0
snp970,0,1,0
snp971,0,1,0
snp972,0,1,0
snp973,0,1,0
snp974,0,1,0
snp975,0,1,0
snp976,0,1,0
snp977,0,1,0
snp978,0,1,0
snp979,0,1,0
snp980,0,1,0
snp981,0,1,0
snp982,0,1,0
snp983,0,1,0
snp984,0,1,0
snp985,0,1,0
snp986,0,1,0
snp987,0,1,0
snp988,0,1,0
snp989,0,1,0
snp990,0,1,0
snp991,0,1,0
snp992,0,1,0
snp993,0,1,0
snp994,0,1,0
snp995,0,1,0
snp996,0,1,0
snp997,0,1,0
snp998,0,1,0
snp999,0,1,0
snp1000,0,1,0
snp1001,0,1,0
snp1002,0,1,0
snp1003,0,1,0
snp1004,0,1,0
snp1005,0,1,0
snp1006,0,1,0
snp1007,0,1,0
snp1008,0,1,0
snp1009,0,1,0
snp1010,0,1,0
snp1011,0,1,0
snp1012,0,1,0
snp1013,0,1,0
snp1014,0,1,0
snp1015,0,1,0
snp1016,0,1,0
snp1017,0,1,0
snp1018,0,1,0
snp1019,0,1,0
snp1020,0,1,0
snp1021,0,1,0
snp1022,0,1,0
snp1023,0,1,0
snp1024,0,1,0
snp1025,0,1,0
snp1026,0,1,0
snp1027,0,1,0
snp1028,0,1,0
snp1029,0,1,0
snp1030,0,1,0
snp1031,0,1,0
snp1032,0,1,0
snp1033,0,1,0
snp1034,0,1,0
snp1035,0,1,0
snp1036,0,1,0
snp1037,0,1,0
snp1038,0,1,0
snp1039,0,1,0
snp1040,0,1,0
snp1041,0,1,0
snp1042,0,1,0
snp1043,0,1,0
snp1044,0,1,0
snp1045,0,1,0
snp1046,0,1,0
snp1047,0,1,0
snp1048,0,1,0
snp1049,0,1,0
snp1050,0,1,0
snp1051,0,1,0
snp1052,0,1,0
snp1053,0,1,0
snp1054,0,1,0
snp1055,0,1,0
snp1056,0,1,0
snp1057,0,1,0
snp1058,0,1,0
snp1059,0,1,0
snp1060,0,1,0
snp1061,0,1,0
snp1062,0,1,0
snp1063,0,1,1
snp1064,0,1,0
snp1065,0,1,0
snp1066,0,1,0
snp1067,0,1,0
snp1068,0,1,0
snp1069,0,1,0
snp1070,0,1,0
snp1071,0,1,0
snp1072,0,1,0
snp1073,0,1,0
snp1074,0,1,0
snp1075,0,1,0
snp1076,0,1,0
snp1077,0,1,0
snp1078,0,1,0
snp1079,0,1,0
snp1080,0,1,0
snp1081,0,1,0
snp1082,0,1,0
snp1083,0,1,0
snp1084,0,1,0
snp1085,0,1,0
snp1086,0,1,0
snp1087,0,1,0
0,0,0,0
0,0,0,0
0,0,0,0
snp1091,0,1,0
snp1092,0,1,0
snp1093,0,1,0
snp1094,0,1,0
snp1095,0,1,0
snp1096,0,1,0
snp1097,0,1,0
snp1098,0,1,0
snp1099,0,1,0
snp1100,0,1,0
snp1101,0,1,0
snp1102,0,1,0
snp1103,0,1,0
snp1104,0,1,0
snp1105,0,1,0
snp1106,0,1,0
snp1107,0,1,0
0,0,0,0
snp1109,0,1,0
snp1110,0,1,0
snp1111,0,1,0
snp1112,0,1,0
snp1113,0,1,0
snp1114,0,1,0
snp1115,0,1,0
snp1116,0,1,0
snp1117,0,1,0
snp1118,0,1,0
snp1119,0,1,0
snp1120,0,1,0
snp1121,0,1,0
snp1122,0,1,0
snp1123,0,1,0
snp1124,0,1,0
snp1125,0,1,0
snp1126,0,1,0
snp1127,0,1,0
snp1128,0,1,0
snp1129,0,1,0
snp1130,0,1,0
snp1131,0,1,0
snp1132,0,1,0
snp1133,0,1,0
snp1134,0,1,0
snp1135,0,1,0
snp1136,0,1,0
snp1137,0,1,0
snp1138,0,1,0
snp1139,0,1,0
snp1140,0,1,0
snp1141,0,1,0
snp1142,0,1,0
snp1143,0,1,0
snp1144,0,1,1
snp1145,0,1,0
snp1146,0,1,0
snp1147,0,1,0
0,0,0,0
0,0,0,0
0,0,0,0
snp1151,0,1,0
snp1152,0,1,0
snp1153,0,1,0
snp1154,0,1,0
snp1155,0,1,0
snp1156,0,1,0
snp1157,0,1,0
snp1158,0,1,0
snp1159,0,1,0
snp1160,0,1,0
snp1161,0,1,0
snp1162,0,1,0
snp1163,0,1,0
snp1164,0,1,0
snp1165,0,1,0
snp1166,0,1,0
snp1167,0,1,0
snp1168,0,1,0
snp1169,0,1,0
snp1170,0,1,0
snp1171,0,1,0
snp1172,0,1,0
snp1173,0,1,0
snp1174,0,1,0
snp1175,0,1,0
snp1176,0,1,0
snp1177,0,1,0
snp1178,0,1,0
snp1179,0,1,0
snp1180,0,1,0
snp1181,0,1,0
snp1182,0,1,0
snp1183,0,1,0
snp1184,0,1,0
snp1185,0,1,0
snp1186,0,1,0
snp1187,0,1,0
snp1188,0,1,0
snp1189,0,1,0
snp1190,0,1,0
snp1191,0,1,0
snp1192,0,1,0
0,0,0,0
snp1194,0,1,0
snp1195,0,1,0
snp1196,0,1,0
snp1197,0,1,0
snp1198,0,1,0
snp1199,0,1,0
snp1200,0,1,0
snp1201,0,1,0
snp1202,0,1,0
0,0,0,0
snp1204,0,1,0
snp1205,0,1,0
snp1206,0,1,0
snp1207,0,1,0
snp1208,0,1,0
snp1209,0,1,0
snp1210,0,1,0
snp1211,0,1,0
snp1212,0,1,0
snp1213,0,1,0
snp1214,0,1,0
snp1215,0,1,0
snp1216,0,1,0
snp1217,0,1,0
snp1218,0,1,0
snp1219,0,1,0
snp1220,0,1,0
snp1221,0,1,0
snp1222,0,1,0
snp1223,0,1,0
snp1224,0,1,0
snp1225,0,1,0
snp1226,0,1,0
snp1227,0,1,0
snp1228,0,1,0
snp1229,0,1,0
snp1230,0,1,0
snp1231,0,1,0
0,0,0,0
snp1233,0,1,0
snp1234,0,1,0
snp1235,0,1,0
snp1236,0,1,0
snp1237,0,1,1
snp1238,0,1,0
snp1239,0,1,0
snp1240,0,1,0
snp1241,0,1,0
snp1242,0,1,0
snp1243,0,1,0
snp1244,0,1,0
snp1245,0,1,0
snp1246,0,1,0
snp1247,0,1,0
snp1248,0,1,0
snp1249,0,1,0
snp1250,0,1,0
snp1251,0,1,0
snp1252,0,1,0
snp1253,0,1,0
snp1254,0,1,0
snp1255,0,1,0
snp1256,0,1,0
snp1257,0,1,0
snp1258,0,1,0
snp1259,0,1,0
snp1260,0,1,0
snp1261,0,1,0
snp1262,0,1,0
snp1263,0,1,0
snp1264,0,1,0
snp1265,0,1,0
snp1266,0,1,0
snp1267,0,1,0
snp1268,0,1,0
snp1269,0,1,0
snp1270,0,1,0
snp1271,0,1,0
snp1272,0,1,0
snp1273,0,1,0
snp1274,0,1,0
snp1275,0,1,0
snp1276,0,1,0
snp1277,0,1,0
snp1278,0,1,0
snp1279,0,1,0
snp1280,0,1,0
snp1281,0,1,0
snp1282,0,1,0
snp1283,0,1,1
snp1284,0,1,0
snp1285,0,1,0
snp1286,0,1,0
snp1287,0,1,0
snp1288,0,1,0
snp1289,0,1,0
snp1290,0,1,0
snp1291,0,1,0
snp1292,0,1,0
snp1293,0,1,0
snp1294,0,1,0
snp1295,0,1,0
snp1296,0,1,0
snp1297,0,1,0
snp1298,0,1,0
snp1299,0,1,0
snp1300,0,1,0
snp1301,0,1,0
snp1302,0,1,0
snp1303,0,1,0
snp1304,0,1,0
snp1305,0,1,0
snp1306,0,1,0
snp1307,0,1,0
snp1308,0,1,1
snp1309,0,1,0
snp1310,0,1,0
snp1311,0,1,0
snp1312,0,1,0
snp1313,0,1,0
snp1314,0,1,0
snp1315,0,1,0
snp1316,0,1,0
0,0,0,0
snp1318,0,1,0
snp1319,0,1,0
snp1320,0,1,0
snp1321,0,1,0
0,0,0,0
0,0,0,0
snp1324,0,1,0
snp1325,0,1,0
snp1326,0,1,0
snp1327,0,1,0
snp1328,0,1,0
snp1329,0,1,0
snp1330,0,1,0
snp1331,0,1,0
snp1332,0,1,0
snp1333,0,1,0
snp1334,0,1,0
snp1335,0,1,0
snp1336,0,1,0
snp1337,0,1,0
snp1338,0,1,0
snp1339,0,1,0
snp1340,0,1,0
snp1341,0,1,0
snp1342,0,1,0
snp1343,0,1,0
snp1344,0,1,0
snp1345,0,1,0
snp1346,0,1,0
snp1347,0,1,0
snp1348,0,1,0
snp1349,0,1,0
snp1350,0,1,0
snp1351,0,1,0
snp1352,0,1,0
snp1353,0,1,0
snp1354,0,1,0
snp1355,0,1,0
snp1356,0,1,0
snp1357,0,1,0
snp1358,0,1,0
snp1359,0,1,0
snp1360,0,1,0
snp1361,0,1,0
snp1362,0,1,0
snp1363,0,1,0
snp1364,0,1,0
snp1365,0,1,0
snp1366,0,1,0
snp1367,0,1,0
snp1368,0,1,0
snp1369,0,1,0
snp1370,0,1,0
snp1371,0,1,0
snp1372,0,1,0
snp1373,0,1,0
snp1374,0,1,0
snp1375,0,1,0
snp1376,0,1,0
snp1377,0,1,0
snp1378,0,1,0
snp1379,0,1,0
snp1380,0,1,0
snp1381,0,1,0
snp1382,0,1,0
snp1383,0,1,0
snp1384,0,1,0
snp1385,0,1,0
snp1386,0,1,0
snp1387,0,1,0
snp1388,0,1,0
snp1389,0,1,0
snp1390,0,1,0
snp1391,0,1,0
snp1392,0,1,0
snp1393,0,1,0
snp1394,0,1,0
snp1395,0,1,0
snp1396,0,1,0
snp1397,0,1,0
snp1398,0,1,0
snp1399,0,1,0
snp1400,0,1,0
snp1401,0,1,0
snp1402,0,1,0
snp1403,0,1,0
snp1404,0,1,0
snp1405,0,1,0
snp1406,0,1,0
snp1407,0,1,0
snp1408,0,1,0
snp1409,0,1,0
snp1410,0,1,0
snp1411,0,1,0
snp1412,0,1,0
snp1413,0,1,0
snp1414,0,1,0
snp1415,0,1,0
snp1416,0,1,0
snp1417,0,1,0
snp1418,0,1,0
snp1419,0,1,0
snp1420,0,1,0
snp1421,0,1,0
snp1422,0,1,0
snp1423,0,1,0
0,0,0,0
snp1425,0,1,1
snp1426,0,1,1
snp1427,0,1,1
snp1428,0,1,0
snp1429,0,1,0
snp1430,0,1,0
snp1431,0,1,0
snp1432,0,1,0
snp1433,0,1,0
snp1434,0,1,0
snp1435,0,1,0
snp1436,0,1,0
snp1437,0,1,0
snp1438,0,1,0
snp1439,0,1,0
snp1440,0,1,0
snp1441,0,1,0
0,0,0,0
snp1443,0,1,0
snp1444,0,1,0
snp1445,0,1,0
snp1446,0,1,0
snp1447,0,1,0
snp1448,0,1,0
snp1449,0,1,0
snp1450,0,1,0
snp1451,0,1,0
snp1452,0,1,0
snp1453,0,1,0
snp1454,0,1,0
snp1455,0,1,0
snp1456,0,1,0
snp1457,0,1,0
snp1458,0,1,0
snp1459,0,1,1
0,0,0,0
snp1461,0,1,0
snp1462,0,1,0
snp1463,0,1,0
snp1464,0,1,0
snp1465,0,1,0
snp1466,0,1,0
snp1467,0,1,0
snp1468,0,1,0
snp1469,0,1,0
snp1470,0,1,0
snp1471,0,1,0
snp1472,0,1,0
snp1473,0,1,0
snp1474,0,1,0
snp1475,0,1,0
snp1476,0,1,0
snp1477,0,1,0
snp1478,0,1,0
snp1479,0,1,0
snp1480,0,1,0
snp1481,0,1,0
snp1482,0,1,0
snp1483,0,1,0
snp1484,0,1,0
snp1485,0,1,0
snp1486,0,1,0
snp1487,0,1,0
snp1488,0,1,0
snp1489,0,1,0
snp1490,0,1,0
snp1491,0,1,0
snp1492,0,1,0
snp1493,0,1,0
snp1494,0,1,0
snp1495,0,1,0
snp1496,0,1,0
snp1497,0,1,0
snp1498,0,1,0
snp1499,0,1,0
snp1500,0,1,0
snp1501,0,1,0
snp1502,0,1,0
snp1503,0,1,0
snp1504,0,1,0
snp1505,0,1,0
0,0,0,0
snp1507,0,1,0
snp1508,0,1,0
snp1509,0,1,0
snp1510,0,1,0
0,0,0,0
snp1512,0,1,0
snp1513,0,1,0
snp1514,0,1,0
snp1515,0,1,0
snp1516,0,1,0
snp1517,0,1,0
snp1518,0,1,0
snp1519,0,1,0
snp1520,0,1,0
snp1521,0,1,0
snp1522,0,1,0
snp1523,0,1,0
snp1524,0,1,0
snp1525,0,1,0
snp1526,0,1,0
snp1527,0,1,0
snp1528,0,1,0
snp1529,0,1,0
snp1530,0,1,0
snp1531,0,1,0
snp1532,0,1,1
snp1533,0,1,1
snp1534,0,1,1
snp1535,0,1,0
snp1536,0,1,0
snp1537,0,1,0
snp1538,0,1,0
snp1539,0,1,0
snp1540,0,1,0
snp1541,0,1,0
snp1542,0,1,0
snp1543,0,1,0
snp1544,0,1,0
snp1545,0,1,0
snp1546,0,1,0
snp1547,0,1,0
snp1548,0,1,0
snp1549,0,1,0
snp1550,0,1,0
snp1551,0,1,0
snp1552,0,1,0
snp1553,0,1,0
0,0,0,0
snp1555,0,1,0
snp1556,0,1,0
snp1557,0,1,0
snp1558,0,1,0
snp1559,0,1,0
snp1560,0,1,0
snp1561,0,1,0
snp1562,0,1,0
snp1563,0,1,0
snp1564,0,1,0
snp1565,0,1,0
snp1566,0,1,0
snp1567,0,1,0
snp1568,0,1,0
snp1569,0,1,0
snp1570,0,1,0
snp1571,0,1,0
snp1572,0,1,0
snp1573,0,1,0
snp1574,0,1,0
snp1575,0,1,0
snp1576,0,1,0
snp1577,0,1,0
snp1578,0,1,0
snp1579,0,1,0
snp1580,0,1,0
snp1581,0,1,0
snp1582,0,1,0
snp1583,0,1,0
snp1584,0,1,0
snp1585,0,1,0
snp1586,0,1,0
snp1587,0,1,1
snp1588,0,1,0
snp1589,0,1,0
snp1590,0,1,0
snp1591,0,1,0
snp1592,0,1,0
snp1593,0,1,1
snp1594,0,1,0
snp1595,0,1,0
snp1596,0,1,0
snp1597,0,1,0
snp1598,0,1,0
snp1599,0,1,0
snp1600,0,1,0
snp1601,0,1,0
snp1602,0,1,0
snp1603,0,1,0
snp1604,0,1,0
snp1605,0,1,0
snp1606,0,1,0
snp1607,0,1,0
snp1608,0,1,0
snp1609,0,1,0
snp1610,0,1,0
snp1611,0,1,0
snp1612,0,1,0
snp1613,0,1,0
snp1614,0,1,0
snp1615,0,1,0
snp1616,0,1,0
snp1617,0,1,0
snp1618,0,1,0
snp1619,0,1,0
snp1620,0,1,0
snp1621,0,1,0
snp1622,0,1,0
snp1623,0,1,0
snp1624,0,1,0
snp1625,0,1,0
snp1626,0,1,0
snp1627,0,1,0
snp1628,0,1,0
snp1629,0,1,0
snp1630,0,1,0
snp1631,0,1,0
snp1632,0,1,0
snp1633,0,1,0
snp1634,0,1,0
snp1635,0,1,0
snp1636,0,1,0
snp1637,0,1,0
snp1638,0,1,0
snp1639,0,1,0
snp1640,0,1,0
snp1641,0,1,0
snp1642,0,1,0
snp1643,0,1,0
snp1644,0,1,0
snp1645,0,1,0
snp1646,0,1,0
snp1647,0,1,0
snp1648,0,1,0
snp1649,0,1,0
snp1650,0,1,0
snp1651,0,1,0
snp1652,0,1,0
snp1653,0,1,0
snp1654,0,1,0
snp1655,0,1,0
snp1656,0,1,0
snp1657,0,1,0
snp1658,0,1,0
snp1659,0,1,0
snp1660,0,1,0
snp1661,0,1,0
snp1662,0,1,0
snp1663,0,1,0
snp1664,0,1,0
snp1665,0,1,0
snp1666,0,1,0
snp1667,0,1,0
snp1668,0,1,0
0,0,0,0
snp1670,0,1,0
snp1671,0,1,0
snp1672,0,1,0
snp1673,0,1,0
snp1674,0,1,0
snp1675,0,1,0
snp1676,0,1,0
snp1677,0,1,0
snp1678,0,1,0
snp1679,0,1,0
snp1680,0,1,0
snp1681,0,1,0
snp1682,0,1,0
snp1683,0,1,0
snp1684,0,1,0
snp1685,0,1,0
snp1686,0,1,0
snp1687,0,1,0
snp1688,0,1,0
snp1689,0,1,0
snp1690,0,1,0
snp1691,0,1,0
snp1692,0,1,0
snp1693,0,1,0
snp1694,0,1,0
snp1695,0,1,1
snp1696,0,1,0
snp1697,0,1,0
snp1698,0,1,0
snp1699,0,1,0
snp1700,0,1,0
snp1701,0,1,0
snp1702,0,1,0
snp1703,0,1,0
snp1704,0,1,0
snp1705,0,1,0
snp1706,0,1,0
snp1707,0,1,0
snp1708,0,1,0
snp1709,0,1,0
snp1710,0,1,0
snp1711,0,1,0
snp1712,0,1,0
snp1713,0,1,0
snp1714,0,1,0
snp1715,0,1,0
snp1716,0,1,0
snp1717,0,1,0
snp1718,0,1,0
snp1719,0,1,0
snp1720,0,1,0
snp1721,0,1,0
snp1722,0,1,0
snp1723,0,1,0
snp1724,0,1,0
snp1725,0,1,0
snp1726,0,1,0
snp1727,0,1,0
snp1728,0,1,0
snp1729,0,1,0
snp1730,0,1,0
snp1731,0,1,0
snp1732,0,1,0
snp1733,0,1,0
snp1734,0,1,0
snp1735,0,1,0
snp1736,0,1,0
snp1737,0,1,0
snp1738,0,1,0
snp1739,0,1,0
snp1740,0,1,0
snp1741,0,1,0
snp1742,0,1,0
snp1743,0,1,0
snp1744,0,1,0
snp1745,0,1,0
snp1746,0,1,0
snp1747,0,1,0
snp1748,0,1,0
snp1749,0,1,0
snp1750,0,1,0
snp1751,0,1,0
snp1752,0,1,0
snp1753,0,1,0
snp1754,0,1,0
snp1755,0,1,0
snp1756,0,1,0
snp1757,0,1,0
snp1758,0,1,0
snp1759,0,1,0
snp1760,0,1,0
snp1761,0,1,0
snp1762,0,1,0
snp1763,0,1,0
snp1764,0,1,0
snp1765,0,1,0
snp1766,0,1,0
snp1767,0,1,0
snp1768,0,1,0
snp1769,0,1,0
snp1770,0,1,0
snp1771,0,1,0
snp1772,0,1,0
snp1773,0,1,0
snp1774,0,1,0
snp1775,0,1,0
snp1776,0,1,0
snp1777,0,1,0
snp1778,0,1,0
snp1779,0,1,0
snp1780,0,1,0
snp1781,0,1,0
snp1782,0,1,0
snp1783,0,1,0
0,0,0,0
snp1785,0,1,0
snp1786,0,1,0
snp1787,0,1,0
snp1788,0,1,0
snp1789,0,1,1
snp1790,0,1,0
snp1791,0,1,0
snp1792,0,1,0
snp1793,0,1,0
snp1794,0,1,0
snp1795,0,1,0
snp1796,0,1,0
snp1797,0,1,0
snp1798,0,1,0
snp1799,0,1,0
snp1800,0,1,0
snp1801,0,1,0
snp1802,0,1,0
snp1803,0,1,0
snp1804,0,1,0
snp1805,0,1,0
snp1806,0,1,0
snp1807,0,1,0
snp1808,0,1,0
snp1809,0,1,0
snp1810,0,1,0
snp1811,0,1,0
snp1812,0,1,0
snp1813,0,1,0
snp1814,0,1,0
snp1815,0,1,0
snp1816,0,1,0
snp1817,0,1,0
snp1818,0,1,0
snp1819,0,1,0
snp1820,0,1,0
snp1821,0,1,0
snp1822,0,1,0
snp1823,0,1,0
snp1824,0,1,0
snp1825,0,1,0
snp1826,0,1,0
snp1827,0,1,0
snp1828,0,1,0
snp1829,0,1,0
snp1830,0,1,0
snp1831,0,1,0
snp1832,0,1,0
snp1833,0,1,0
snp1834,0,1,0
snp1835,0,1,0
snp1836,0,1,0
snp1837,0,1,0
snp1838,0,1,0
snp1839,0,1,0
snp1840,0,1,0
snp1841,0,1,0
snp1842,0,1,0
snp1843,0,1,0
snp1844,0,1,0
snp1845,0,1,0
snp1846,0,1,0
snp1847,0,1,0
snp1848,0,1,0
snp1849,0,1,0
snp1850,0,1,0
snp1851,0,1,0
snp1852,0,1,0
snp1853,0,1,0
snp1854,0,1,0
snp1855,0,1,1
snp1856,0,1,0
snp1857,0,1,0
snp1858,0,1,0
snp1859,0,1,0
snp1860,0,1,0
snp1861,0,1,0
snp1862,0,1,0
snp1863,0,1,0
snp1864,0,1,0
snp1865,0,1,0
snp1866,0,1,0
snp1867,0,1,0
snp1868,0,1,0
snp1869,0,1,0
snp1870,0,1,0
snp1871,0,1,0
snp1872,0,1,0
snp1873,0,1,0
snp1874,0,1,0
snp1875,0,1,0
snp1876,0,1,0
snp1877,0,1,0
snp1878,0,1,0
snp1879,0,1,0
snp1880,0,1,0
snp1881,0,1,0
snp1882,0,1,0
snp1883,0,1,0
snp1884,0,1,0
snp1885,0,1,0
snp1886,0,1,0
snp1887,0,1,0
snp1888,0,1,0
snp1889,0,1,0
snp1890,0,1,0
snp1891,0,1,0
snp1892,0,1,0
0,0,0,0
snp1894,0,1,0
snp1895,0,1,0
snp1896,0,1,0
snp1897,0,1,0
snp1898,0,1,0
snp1899,0,1,0
snp1900,0,1,0
snp1901,0,1,0
snp1902,0,1,0
snp1903,0,1,0
snp1904,0,1,0
snp1905,0,1,0
snp1906,0,1,0
snp1907,0,1,0
snp1908,0,1,0
snp1909,0,1,0
snp1910,0,1,0
snp1911,0,1,0
snp1912,0,1,0
snp1913,0,1,0
snp1914,0,1,0
snp1915,0,1,0
snp1916,0,1,0
snp1917,0,1,0
snp1918,0,0,1
snp1919,0,0,1
snp1920,0,0,1
snp1921,0,0,1
snp1922,0,0,1
snp1923,0,0,1
snp1924,0,0,1
snp1925,0,0,1
snp1926,0,0,1
snp1927,0,0,1
snp1928,0,0,1
snp1929,0,0,1
snp1930,0,0,1
snp1931,0,0,1
snp1932,0,0,1
snp1933,0,0,1
snp1934,0,0,1
snp1935,0,0,1
snp1936,0,0,1
0,0,0,0
snp1938,0,0,1
snp1939,0,0,1
snp1940,0,0,1
snp1941,0,0,1
snp1942,0,0,1
snp1943,0,0,1
snp1944,0,0,1
snp1945,0,0,1
snp1946,0,0,1
snp1947,0,0,1
snp1948,0,0,1
snp1949,0,0,1
snp1950,0,0,1
snp1951,0,0,1
snp1952,0,0,1
snp1953,0,0,1
snp1954,0,0,1
0,0,0,0
0,0,0,0
snp1957,0,0,1
snp1958,0,0,1
snp1959,0,0,1
snp1960,0,0,1
snp1961,0,0,1
snp1962,0,0,1
snp1963,0,0,1
snp1964,0,0,1
snp1965,0,0,1
snp1966,0,0,1
snp1967,0,0,1
snp1968,0,0,1
snp1969,0,0,1
snp1970,0,0,1
snp1971,0,0,1
snp1972,0,0,1
snp1973,0,0,1
snp1974,0,0,1
snp1975,0,0,1
snp1976,0,0,1
snp1977,0,0,1
snp1978,0,0,1
snp1979,0,0,1
snp1980,0,0,1
snp1981,0,0,1
snp1982,0,0,1
0,0,0,0
snp1984,0,0,1
snp1985,0,0,1
snp1986,0,0,1
snp1987,0,0,1
snp1988,0,0,1
snp1989,0,0,1
0,0,0,0
0,0,0,0
snp1992,0,0,1
snp1993,0,0,1
snp1994,0,0,1
snp1995,0,0,1
snp1996,0,0,1
snp1997,0,0,1
snp1998,0,0,1
snp1999,0,0,1
snp2000,0,0,1
snp2001,0,0,1
snp2002,0,0,1
snp2003,0,0,1
0,0,0,0
0,0,0,0
snp2006,0,0,1
snp2007,0,0,1
snp2008,0,0,1
snp2009,0,0,1
snp2010,0,0,1
snp2011,0,0,1
snp2012,0,0,1
snp2013,0,0,1
snp2014,0,0,1
snp2015,0,0,1
snp2016,0,0,1
snp2017,0,0,1
snp2018,0,0,1
snp2019,0,0,1
snp2020,0,0,1
snp2021,0,0,1
snp2022,0,0,1
snp2023,0,0,1
snp2024,0,0,1
0,0,0,0
snp2026,0,0,1
snp2027,0,0,1
snp2028,0,0,1
snp2029,0,0,1
snp2030,0,0,1
snp2031,0,0,1
snp2032,0,0,1
snp2033,0,0,1
snp2034,0,0,1
snp2035,0,0,1
snp2036,0,0,1
0,0,0,0
snp2038,0,0,1
snp2039,0,0,1
snp2040,0,0,1
snp2041,0,0,1
snp2042,0,0,1
snp2043,0,0,1
snp2044,0,0,1
snp2045,0,0,1
snp2046,0,0,1
snp2047,0,0,1
snp2048,0,0,1
snp2049,0,0,1
snp2050,0,0,1
snp2051,0,0,1
0,0,0,0
snp2053,0,0,1
snp2054,0,0,1
0,0,0,0
snp2056,0,0,1
snp2057,0,0,1
0,0,0,0
0,0,0,0
snp2060,0,0,1
snp2061,0,0,1
snp2062,0,0,1
snp2063,0,0,1
0,0,0,0
snp2065,0,0,1
snp2066,0,0,1
snp2067,0,0,1
snp2068,0,0,1
snp2069,0,0,1
snp2070,0,0,1
snp2071,0,0,1
snp2072,0,0,1
snp2073,0,0,1
snp2074,0,0,1
snp2075,0,0,1
snp2076,0,0,1
snp2077,0,0,1
snp2078,0,0,1
snp2079,0,0,1
snp2080,0,0,1
snp2081,0,0,1
snp2082,0,0,1
0,0,0,0
0,0,0,0
snp2085,0,0,1
snp2086,0,0,1
0,0,0,0
snp2088,0,0,1
snp2089,0,0,1
snp2090,0,0,1
snp2091,0,0,1
0,0,0,0
snp2093,0,0,1
snp2094,0,0,1
snp2095,0,0,1
snp2096,0,0,1
snp2097,0,0,1
snp2098,0,0,1
snp2099,0,0,1
snp2100,0,0,1
snp2101,0,0,1
snp2102,0,0,1
snp2103,0,0,1
snp2104,0,0,1
snp2105,0,0,1
snp2106,0,0,1
snp2107,0,0,1
snp2108,0,0,1
snp2109,0,0,1
snp2110,0,0,1
snp2111,0,0,1
snp2112,0,0,1
snp2113,0,0,1
snp2114,0,0,1
snp2115,0,0,1
snp2116,0,0,1
snp2117,0,0,1
snp2118,0,0,1
snp2119,0,0,1
snp2120,0,0,1
snp2121,0,0,1
0,0,0,0
snp2123,0,0,1
snp2124,0,0,1
snp2125,0,0,1
snp2126,0,0,1
snp2127,0,0,1
snp2128,0,0,1
snp2129,0,0,1
0,0,0,0
snp2131,0,0,1
snp2132,0,0,1
snp2133,0,0,1
snp2134,0,0,1
snp2135,0,0,1
snp2136,0,0,1
snp2137,0,0,1
snp2138,0,0,1
snp2139,0,0,1
snp2140,0,0,1
snp2141,0,0,1
snp2142,0,0,1
snp2143,0,0,1
snp2144,0,0,1
snp2145,0,0,1
snp2146,0,0,1
snp2147,0,0,1
snp2148,0,0,1
snp2149,0,0,1
snp2150,0,0,1
snp2151,0,0,1
snp2152,0,0,1
snp2153,0,0,1
snp2154,0,0,1
snp2155,0,0,1
snp2156,0,0,1
snp2157,0,0,1
snp2158,0,0,1
snp2159,0,0,1
snp2160,0,0,1
snp2161,0,0,1
0,0,0,0
0,0,0,0
snp2164,0,0,1
snp2165,0,0,1
snp2166,0,0,1
snp2167,0,0,1
snp2168,0,0,1
snp2169,0,0,1
snp2170,0,0,1
snp2171,0,0,1
snp2172,0,0,1
snp2173,0,0,1
0,0,0,0
0,0,0,0
snp2176,0,0,1
snp2177,0,0,1
snp2178,0,0,1
snp2179,0,0,1
snp2180,0,0,1
snp2181,0,0,1
snp2182,0,0,1
snp2183,0,0,1
snp2184,0,0,1
snp2185,0,0,1
snp2186,0,0,1
snp2187,0,0,1
snp2188,0,0,1
snp2189,0,0,1
snp2190,0,0,1
snp2191,0,0,1
snp2192,0,0,1
snp2193,0,0,1
snp2194,0,0,1
snp2195,0,0,1
snp2196,0,0,1
snp2197,0,0,1
snp2198,0,0,1
snp2199,0,0,1
snp2200,0,0,1
snp2201,0,0,1
snp2202,0,0,1
snp2203,0,0,1
snp2204,0,0,1
snp2205,0,0,1
snp2206,0,0,1
snp2207,0,0,1
snp2208,0,0,1
snp2209,0,0,1
snp2210,0,0,1
snp2211,0,0,1
snp2212,0,0,1
snp2213,0,0,1
snp2214,0,0,1
snp2215,0,0,1
snp2216,0,0,1
snp2217,0,0,1
snp2218,0,0,1
snp2219,0,0,1
snp2220,0,0,1
snp2221,0,0,1
snp2222,0,0,1
snp2223,0,0,1
snp2224,0,0,1
snp2225,0,0,1
snp2226,0,0,1
snp2227,0,0,1
snp2228,0,0,1
snp2229,0,0,1
snp2230,0,0,1
snp2231,0,0,1
snp2232,0,0,1
snp2233,0,0,1
snp2234,0,0,1
snp2235,0,0,1
snp2236,0,0,1
0,0,0,0
snp2238,0,0,1
snp2239,0,0,1
snp2240,0,0,1
snp2241,0,0,1
snp2242,0,0,1
snp2243,0,0,1
snp2244,0,0,1
snp2245,0,0,1
snp2246,0,0,1
0,0,0,0
0,0,0,0
0,0,0,0
snp2250,0,0,1
snp2251,0,0,1
snp2252,0,0,1
snp2253,0,0,1
snp2254,0,0,1
snp2255,0,0,1
snp2256,0,0,1
snp2257,0,0,1
snp2258,0,0,1
snp2259,0,0,1
snp2260,0,0,1
snp2261,0,0,1
snp2262,0,0,1
snp2263,0,0,1
snp2264,0,0,1
snp2265,0,0,1
snp2266,0,0,1
snp2267,0,0,1
snp2268,0,0,1
snp2269,0,0,1
snp2270,0,0,1
snp2271,0,0,1
0,0,0,0
snp2273,0,0,1
snp2274,0,0,1
snp2275,0,0,1
snp2276,0,0,1
snp2277,0,0,1
snp2278,0,0,1
0,0,0,0
snp2280,0,0,1
snp2281,0,0,1
snp2282,0,0,1
snp2283,0,0,1
snp2284,0,0,1
snp2285,0,0,1
snp2286,0,0,1
0,0,0,0
snp2288,0,0,1
snp2289,0,0,1
snp2290,0,0,1
0,0,0,0
snp2292,0,0,1
snp2293,0,0,1
snp2294,0,0,1
snp2295,0,0,1
0,0,0,0
0,0,0,0
0,0,0,0
snp2299,0,0,1
snp2300,0,0,1
snp2301,0,0,1
0,0,0,0
0,0,0,0
snp2304,0,0,1
snp2305,0,0,1
snp2306,0,0,1
snp2307,0,0,1
snp2308,0,0,1
snp2309,0,0,1
snp2310,0,0,1
snp2311,0,0,1
snp2312,0,0,1
snp2313,0,0,1
snp2314,0,0,1
snp2315,0,0,1
snp2316,0,0,1
snp2317,0,0,1
snp2318,0,0,1
snp2319,0,0,1
snp2320,0,0,1
snp2321,0,0,1
snp2322,0,0,1
snp2323,0,0,1
snp2324,0,0,1
snp2325,0,0,1
snp2326,0,0,1
snp2327,0,0,1
snp2328,0,0,1
snp2329,0,0,1
snp2330,0,0,1
snp2331,0,0,1
snp2332,0,0,1
snp2333,0,0,1
0,0,0,0
snp2335,0,0,1
snp2336,0,0,1
snp2337,0,0,1
snp2338,0,0,1
snp2339,0,0,1
snp2340,0,0,1
snp2341,0,0,1
snp2342,0,0,1
snp2343,0,0,1
snp2344,0,0,1
snp2345,0,0,1
snp2346,0,0,1
snp2347,0,0,1
snp2348,0,0,1
snp2349,0,0,1
snp2350,0,0,1
snp2351,0,0,1
snp2352,0,0,1
snp2353,0,0,1
snp2354,0,0,1
snp2355,0,0,1
0,0,0,0
snp2357,0,0,1
snp2358,0,0,1
snp2359,0,0,1
snp2360,0,0,1
snp2361,0,0,1
0,0,0,0
0,0,0,0
0,0,0,0
snp2365,0,0,1
snp2366,0,0,1
snp2367,0,0,1
snp2368,0,0,1
0,0,0,0
snp2370,0,0,1
snp2371,0,0,1
snp2372,0,0,1
snp2373,0,0,1
snp2374,0,0,1
snp2375,0,0,1
snp2376,0,0,1
snp2377,0,0,1
snp2378,0,0,1
snp2379,0,0,1
snp2380,0,0,1
snp2381,0,0,1
snp2382,0,0,1
snp2383,0,0,1
snp2384,0,0,1
snp2385,0,0,1
snp2386,0,0,1
snp2387,0,0,1
snp2388,0,0,1
snp2389,0,0,1
snp2390,0,0,1
snp2391,0,0,1
snp2392,0,0,1
snp2393,0,0,1
snp2394,0,0,1
snp2395,0,0,1
snp2396,0,0,1
0,0,0,0
0,0,0,0
snp2399,0,0,1
snp2400,0,0,1
snp2401,0,0,1
snp2402,0,0,1
0,0,0,0
snp2404,0,0,1
0,0,0,0
snp2406,0,0,1
snp2407,0,0,1
snp2408,0,0,1
snp2409,0,0,1
snp2410,0,0,1
snp2411,0,0,1
snp2412,0,0,1
snp2413,0,0,1
snp2414,0,0,1
snp2415,0,0,1
snp2416,0,0,1
snp2417,0,0,1
snp2418,0,0,1
snp2419,0,0,1
snp2420,0,0,1
snp2421,0,0,1
snp2422,0,0,1
snp2423,0,0,1
snp2424,0,0,1
snp2425,0,0,1
snp2426,0,0,1
snp2427,0,0,1
snp2428,0,0,1
snp2429,0,0,1
snp2430,0,0,1
snp2431,0,0,1
0,0,0,0
snp2433,0,0,1
snp2434,0,0,1
snp2435,0,0,1
snp2436,0,0,1
0,0,0,0
snp2438,0,0,1
snp2439,0,0,1
snp2440,0,0,1
snp2441,0,0,1
snp2442,0,0,1
snp2443,0,0,1
snp2444,0,0,1
snp2445,0,0,1
snp2446,0,0,1
snp2447,0,0,1
snp2448,0,0,1
snp2449,0,0,1
snp2450,0,0,1
snp2451,0,0,1
snp2452,0,0,1
snp2453,0,0,1
snp2454,0,0,1
snp2455,0,0,1
snp2456,0,0,1
snp2457,0,0,1
snp2458,0,0,1
snp2459,0,0,1
snp2460,0,0,1
snp2461,0,0,1
snp2462,0,0,1
snp2463,0,0,1
snp2464,0,0,1
snp2465,0,0,1
0,0,0,0
snp2467,0,0,1
snp2468,0,0,1
snp2469,0,0,1
snp2470,0,0,1
snp2471,0,0,1
snp2472,0,0,1
snp2473,0,0,1
snp2474,0,0,1
snp2475,0,0,1
snp2476,0,0,1
snp2477,0,0,1
snp2478,0,0,1
snp2479,0,0,1
snp2480,0,0,1
snp2481,0,0,1
snp2482,0,0,1
snp2483,0,0,1
snp2484,0,0,1
snp2485,0,0,1
snp2486,0,0,1
snp2487,0,0,1
snp2488,0,0,1
snp2489,0,0,1
snp2490,0,0,1
snp2491,0,0,1
snp2492,0,0,1
snp2493,0,0,1
snp2494,0,0,1
0,0,0,0
snp2496,0,0,1
snp2497,0,0,1
snp2498,0,0,1
snp2499,0,0,1
0,0,0,0
snp2501,0,0,1
snp2502,0,0,1
snp2503,0,0,1
snp2504,0,0,1
snp2505,0,0,1
snp2506,0,0,1
snp2507,0,0,1
snp2508,0,0,1
snp2509,0,0,1
snp2510,0,0,1
snp2511,0,0,1
snp2512,0,0,1
snp2513,0,0,1
snp2514,0,0,1
snp2515,0,0,1
snp2516,0,0,1
snp2517,0,0,1
snp2518,0,0,1
snp2519,0,0,1
snp2520,0,0,1
snp2521,0,0,1
snp2522,0,0,1
snp2523,0,0,1
snp2524,0,0,1
snp2525,0,0,1
snp2526,0,0,1
snp2527,0,0,1
snp2528,0,0,1
snp2529,0,0,1
snp2530,0,0,1
snp2531,0,0,1
snp2532,0,0,1
snp2533,0,0,1
snp2534,0,0,1
0,0,0,0
0,0,0,0
0,0,0,0
0,0,0,0
0,0,0,0
snp2540,0,0,1
snp2541,0,0,1
snp2542,0,0,1
snp2543,0,0,1
snp2544,0,0,1
snp2545,0,0,1
snp2546,0,0,1
snp2547,0,0,1
snp2548,0,0,1
snp2549,0,0,1
snp2550,0,0,1
snp2551,0,0,1
snp2552,0,0,1
snp2553,0,0,1
snp2554,0,0,1
snp2555,0,0,1
snp2556,0,0,1
snp2557,0,0,1
snp2558,0,0,1
0,0,0,0
snp2560,0,0,1
snp2561,0,0,1
snp2562,0,0,1
snp2563,0,0,1
snp2564,0,0,1
snp2565,0,0,1
snp2566,0,0,1
snp2567,0,0,1
snp2568,0,0,1
snp2569,0,0,1
snp2570,0,0,1
snp2571,0,0,1
snp2572,0,0,1
snp2573,0,0,1
snp2574,0,0,1
snp2575,0,0,1
snp2576,0,0,1
snp2577,0,0,1
snp2578,0,0,1
snp2579,0,0,1
snp2580,0,0,1
snp2581,0,0,1
0,0,0,0
snp2583,0,0,1
snp2584,0,0,1
snp2585,0,0,1
snp2586,0,0,1
snp2587,0,0,1
0,0,0,0
snp2589,0,0,1
snp2590,0,0,1
snp2591,0,0,1
snp2592,0,0,1
0,0,0,0
0,0,0,0
0,0,0,0
snp2596,0,0,1
snp2597,0,0,1
0,0,0,0
snp2599,0,0,1
snp2600,0,0,1
snp2601,0,0,1
snp2602,0,0,1
snp2603,0,0,1
snp2604,0,0,1
snp2605,0,0,1
snp2606,0,0,1
0,0,0,0
0,0,0,0
snp2609,0,0,1
snp2610,0,0,1
snp2611,0,0,1
snp2612,0,0,1
snp2613,0,0,1
0,0,0,0
0,0,0,0
snp2616,0,0,1
snp2617,0,0,1
snp2618,0,0,1
0,0,0,0
0,0,0,0
0,0,0,0
snp2622,0,0,1
snp2623,0,0,1
snp2624,0,0,1
snp2625,0,0,1
snp2626,0,0,1
0,0,0,0
0,0,0,0
snp2629,0,0,1
snp2630,0,0,1
0,0,0,0
snp2632,0,0,1
snp2633,0,0,1
snp2634,0,0,1
snp2635,0,0,1
snp2636,0,0,1
0,0,0,0
snp2638,0,0,1
snp2639,0,0,1
snp2640,0,0,1
snp2641,0,0,1
snp2642,0,0,1
snp2643,0,0,1
snp2644,0,0,1
snp2645,0,0,1
snp2646,0,0,1
snp2647,0,0,1
snp2648,0,0,1
0,0,0,0
snp2650,0,0,1
snp2651,0,0,1
snp2652,0,0,1
snp2653,0,0,1
snp2654,0,0,1
snp2655,0,0,1
snp2656,0,0,1
snp2657,0,0,1
snp2658,0,0,1
snp2659,0,0,1
snp2660,0,0,1
snp2661,0,0,1
snp2662,0,0,1
snp2663,0,0,1
snp2664,0,0,1
snp2665,0,0,1
snp2666,0,0,1
snp2667,0,0,1
snp2668,0,0,1
snp2669,0,0,1
snp2670,0,0,1
snp2671,0,0,1
snp2672,0,0,1
snp2673,0,0,1
snp2674,0,0,1
snp2675,0,0,1
snp2676,0,0,1
snp2677,0,0,1
snp2678,0,0,1
snp2679,0,0,1
snp2680,0,0,1
snp2681,0,0,1
snp2682,0,0,1
snp2683,0,0,1
snp2684,0,0,1
snp2685,0,0,1
snp2686,0,0,1
snp2687,0,0,1
snp2688,0,0,1
snp2689,0,0,1
snp2690,0,0,1
snp2691,0,0,1
snp2692,0,0,1
snp2693,0,0,1
0,0,0,0
snp2695,0,0,1
snp2696,0,0,1
snp2697,0,0,1
snp2698,0,0,1
snp2699,0,0,1
snp2700,0,0,1
snp2701,0,0,1
snp2702,0,0,1
snp2703,0,0,1
snp2704,0,0,1
snp2705,0,0,1
snp2706,0,0,1
snp2707,0,0,1
snp2708,0,0,1
snp2709,0,0,1
snp2710,0,0,1
snp2711,0,0,1
snp2712,0,0,1
snp2713,0,0,1
snp2714,0,0,1
snp2715,0,0,1
snp2716,0,0,1
snp2717,0,0,1
snp2718,0,0,1
snp2719,0,0,1
snp2720,0,0,1
0,0,0,0
snp2722,0,0,1
snp2723,0,0,1
snp2724,0,0,1
snp2725,0,0,1
snp2726,0,0,1
0,0,0,0
snp2728,0,0,1
snp2729,0,0,1
snp2730,0,0,1
snp2731,0,0,1
snp2732,0,0,1
0,0,0,0
snp2734,0,0,1
snp2735,0,0,1
snp2736,0,0,1
snp2737,0,0,1
snp2738,0,0,1
snp2739,0,0,1
0,0,0,0
snp2741,0,0,1
snp2742,0,0,1
snp2743,0,0,1
snp2744,0,0,1
snp2745,0,0,1
snp2746,0,0,1
snp2747,0,0,1
snp2748,0,0,1
snp2749,0,0,1
snp2750,0,0,1
snp2751,0,0,1
snp2752,0,0,1
snp2753,0,0,1
snp2754,0,0,1
snp2755,0,0,1
snp2756,0,0,1
snp2757,0,0,1
snp2758,0,0,1
snp2759,0,0,1
0,0,0,0
snp2761,0,0,1
snp2762,0,0,1
snp2763,0,0,1
snp2764,0,0,1
snp2765,0,0,1
snp2766,0,0,1
snp2767,0,0,1
snp2768,0,0,1
snp2769,0,0,1
snp2770,0,0,1
snp2771,0,0,1
snp2772,0,0,1
snp2773,0,0,1
snp2774,0,0,1
snp2775,0,0,1
snp2776,0,0,1
snp2777,0,0,1
snp2778,0,0,1
snp2779,0,0,1
0,0,0,0
0,0,0,0
0,0,0,0
0,0,0,0
snp2784,0,0,1
snp2785,0,0,1
snp2786,0,0,1
snp2787,0,0,1
snp2788,0,0,1
snp2789,0,0,1
0,0,0,0
0,0,0,0
snp2792,0,0,1
snp2793,0,0,1
snp2794,0,0,1
snp2795,0,0,1
snp2796,0,0,1
snp2797,0,0,1
snp2798,0,0,1
snp2799,0,0,1
snp2800,0,0,1
snp2801,0,0,1
snp2802,0,0,1
snp2803,0,0,1
snp2804,0,0,1
snp2805,0,0,1
snp2806,0,0,1
snp2807,0,0,1
snp2808,0,0,1
snp2809,0,0,1
snp2810,0,0,1
snp2811,0,0,1
snp2812,0,0,1
snp2813,0,0,1
snp2814,0,0,1
snp2815,0,0,1
snp2816,0,0,1
snp2817,0,0,1
snp2818,0,0,1
snp2819,0,0,1
snp2820,0,0,1
snp2821,0,0,1
snp2822,0,0,1
snp2823,0,0,1
snp2824,0,0,1
snp2825,0,0,1
snp2826,0,0,1
snp2827,0,0,1
0,0,0,0
snp2829,0,0,1
snp2830,0,0,1
snp2831,0,0,1
snp2832,0,0,1
snp2833,0,0,1
snp2834,0,0,1
snp2835,0,0,1
snp2836,0,0,1
snp2837,0,0,1
snp2838,0,0,1
snp2839,0,0,1
snp2840,0,0,1
snp2841,0,0,1
snp2842,0,0,1
snp2843,0,0,1
snp2844,0,0,1
snp2845,0,0,1
0,0,0,0
snp2847,0,0,1
snp2848,0,0,1
snp2849,0,0,1
snp2850,0,0,1
snp2851,0,0,1
snp2852,0,0,1
0,0,0,0
snp2854,0,0,1
snp2855,0,0,1
snp2856,0,0,1
snp2857,0,0,1
0,0,0,0
0,0,0,0
snp2860,0,0,1
snp2861,0,0,1
snp2862,0,0,1
0,0,0,0
0,0,0,0
snp2865,0,0,1
snp2866,0,0,1
snp2867,0,0,1
snp2868,0,0,1
snp2869,0,0,1
snp2870,0,0,1
snp2871,0,0,1
snp2872,0,0,1
snp2873,0,0,1
snp2874,0,0,1
snp2875,0,0,1
snp2876,0,0,1
snp2877,0,0,1
snp2878,0,0,1
snp2879,0,0,1
snp2880,0,0,1
snp2881,0,0,1
snp2882,0,0,1
snp2883,0,0,1
snp2884,0,0,1
snp2885,0,0,1
0,0,0,0
snp2887,0,0,1
snp2888,0,0,1
snp2889,0,0,1
snp2890,0,0,1
snp2891,0,0,1
snp2892,0,0,1
snp2893,0,0,1
snp2894,0,0,1
snp2895,0,0,1
snp2896,0,0,1
snp2897,0,0,1
snp2898,0,0,1
snp2899,0,0,1
snp2900,0,0,1
snp2901,0,0,1
snp2902,0,0,1
snp2903,0,0,1
snp2904,0,0,1
snp2905,0,0,1
snp2906,0,0,1
snp2907,0,0,1
snp2908,0,0,1
snp2909,0,0,1
snp2910,0,0,1
snp2911,0,0,1
snp2912,0,0,1
snp2913,0,0,1
snp2914,0,0,1
snp2915,0,0,1
0,0,0,0
snp2917,0,0,1
snp2918,0,0,1
snp2919,0,0,1
snp2920,0,0,1
snp2921,0,0,1
snp2922,0,0,1
snp2923,0,0,1
snp2924,0,0,1
snp2925,0,0,1
snp2926,0,0,1
snp2927,0,0,1
snp2928,0,0,1
0,0,0,0
snp2930,0,0,1
snp2931,0,0,1
snp2932,0,0,1
snp2933,0,0,1
snp2934,0,0,1
snp2935,0,0,1
snp2936,0,0,1
snp2937,0,0,1
snp2938,0,0,1
snp2939,0,0,1
snp2940,0,0,1
snp2941,0,0,1
snp2942,0,0,1
snp2943,0,0,1
snp2944,0,0,1
snp2945,0,0,1
snp2946,0,0,1
snp2947,0,0,1
snp2948,0,0,1
snp2949,0,0,1
snp2950,0,0,1
snp2951,0,0,1
snp2952,0,0,1
snp2953,0,0,1
snp2954,0,0,1
snp2955,0,0,1
snp2956,0,0,1
snp2957,0,0,1
snp2958,0,0,1
snp2959,0,0,1
snp2960,0,0,1
snp2961,0,0,1
snp2962,0,0,1
snp2963,0,0,1
snp2964,0,0,1
snp2965,0,0,1
snp2966,0,0,1
snp2967,0,0,1
snp2968,0,0,1
snp2969,0,0,1
snp2970,0,0,1
snp2971,0,0,1
snp2972,0,0,1
snp2973,0,0,1
snp2974,0,0,1
0,0,0,0
snp2976,0,0,1
0,0,0,0
snp2978,0,0,1
0,0,0,0
0,0,0,0
0,0,0,0
snp2982,0,0,1
snp2983,0,0,1
snp2984,0,0,1
snp2985,0,0,1
snp2986,0,0,1
snp2987,0,0,1
snp2988,0,0,1
snp2989,0,0,1
0,0,0,0
snp2991,0,0,1
snp2992,0,0,1
snp2993,0,0,1
snp2994,0,0,1
snp2995,0,0,1
snp2996,0,0,1
snp2997,0,0,1
snp2998,0,0,1
snp2999,0,0,1
0,0,0,0
snp3001,0,0,1
snp3002,0,0,1
snp3003,0,0,1
0,0,0,0
snp3005,0,0,1
snp3006,0,0,1
snp3007,0,0,1
snp3008,0,0,1
snp3009,0,0,1
snp3010,0,0,1
0,0,0,0
snp3012,0,0,1
snp3013,0,0,1
snp3014,0,0,1
snp3015,0,0,1
snp3016,0,0,1
snp3017,0,0,1
snp3018,0,0,1
snp3019,0,0,1
snp3020,0,0,1
snp3021,0,0,1
snp3022,0,0,1
snp3023,0,0,1
snp3024,0,0,1
snp3025,0,0,1
snp3026,0,0,1
snp3027,0,0,1
snp3028,0,0,1
snp3029,0,0,1
snp3030,0,0,1
snp3031,0,0,1
snp3032,0,0,1
snp3033,0,0,1
snp3034,0,0,1
snp3035,0,0,1
snp3036,0,0,1
snp3037,0,0,1
snp3038,0,0,1
snp3039,0,0,1
0,0,0,0
snp3041,0,0,1
snp3042,0,0,1
snp3043,0,0,1
snp3044,0,0,1
snp3045,0,0,1
snp3046,0,0,1
snp3047,0,0,1
snp3048,0,0,1
snp3049,0,0,1
snp3050,0,0,1
snp3051,0,0,1
snp3052,0,0,1
snp3053,0,0,1
snp3054,0,0,1
snp3055,0,0,1
snp3056,0,0,1
snp3057,0,0,1
snp3058,0,0,1
snp3059,0,0,1
snp3060,0,0,1
snp3061,0,0,1
snp3062,0,0,1
0,0,0,0
snp3064,0,0,1
snp3065,0,0,1
snp3066,0,0,1
snp3067,0,0,1
snp3068,0,0,1
snp3069,0,0,1
snp3070,0,0,1
0,0,0,0
snp3072,0,0,1
snp3073,0,0,1
snp3074,0,0,1
snp3075,0,0,1
snp3076,0,0,1
snp3077,0,0,1
snp3078,0,0,1
snp3079,0,0,1
snp3080,0,0,1
snp3081,0,0,1
0,0,0,0
0,0,0,0
0,0,0,0
0,0,0,0
snp3086,0,0,1
snp3087,0,0,1
snp3088,0,0,1
snp3089,0,0,1
snp3090,0,0,1
snp3091,0,0,1
snp3092,0,0,1
snp3093,0,0,1
0,0,0,0
0,0,0,0
snp3096,0,0,1
snp3097,0,0,1
snp3098,0,0,1
snp3099,0,0,1
snp3100,0,0,1
snp3101,0,0,1
snp3102,0,0,1
snp3103,0,0,1
snp3104,0,0,1
snp3105,0,0,1
snp3106,0,0,1
0,0,0,0
snp3108,0,0,1
snp3109,0,0,1
snp3110,0,0,1
snp3111,0,0,1
snp3112,0,0,1
snp3113,0,0,1
snp3114,0,0,1
snp3115,0,0,1
snp3116,0,0,1
snp3117,0,0,1
snp3118,0,0,1
snp3119,0,0,1
snp3120,0,0,1
snp3121,0,0,1
snp3122,0,0,1
0,0,0,0
snp3124,0,0,1
snp3125,0,0,1
snp3126,0,0,1
snp3127,0,0,1
snp3128,0,0,1
snp3129,0,0,1
snp3130,0,0,1
snp3131,0,0,1
snp3132,0,0,1
snp3133,0,0,1
snp3134,0,0,1
snp3135,0,0,1
snp3136,0,0,1
snp3137,0,0,1
snp3138,0,0,1
snp3139,0,0,1
snp3140,0,0,1
snp3141,0,0,1
snp3142,0,0,1
snp3143,0,0,1
snp3144,0,0,1
snp3145,0,0,1
snp3146,0,0,1
0,0,0,0
snp3148,0,0,1
snp3149,0,0,1
snp3150,0,0,1
snp3151,0,0,1
snp3152,0,0,1
0,0,0,0
snp3154,0,0,1
0,0,0,0
snp3156,0,0,1
snp3157,0,0,1
snp3158,0,0,1
snp3159,0,0,1
snp3160,0,0,1
snp3161,0,0,1
snp3162,0,0,1
snp3163,0,0,1
snp3164,0,0,1
snp3165,0,0,1
snp3166,0,0,1
snp3167,0,0,1
snp3168,0,0,1
snp3169,0,0,1
snp3170,0,0,1
snp3171,0,0,1
snp3172,0,0,1
snp3173,0,0,1
snp3174,0,0,1
snp3175,0,0,1
snp3176,0,0,1
snp3177,0,0,1
snp3178,0,0,1
snp3179,0,0,1
snp3180,0,0,1
snp3181,0,0,1
snp3182,0,0,1
snp3183,0,0,1
snp3184,0,0,1
snp3185,0,0,1
snp3186,0,0,1
snp3187,0,0,1
snp3188,0,0,1
snp3189,0,0,1
snp3190,0,0,1
snp3191,0,0,1
snp3192,0,0,1
snp3193,0,0,1
snp3194,0,0,1
snp3195,0,0,1
snp3196,0,0,1
snp3197,0,0,1
snp3198,0,0,1
snp3199,0,0,1
snp3200,0,0,1
snp3201,0,0,1
snp3202,0,0,1
snp3203,0,0,1
snp3204,0,0,1
snp3205,0,0,1
snp3206,0,0,1
snp3207,0,0,1
snp3208,0,0,1
snp3209,0,0,1
snp3210,0,0,1
snp3211,0,0,1
0,0,0,0
0,0,0,0
snp3214,0,0,1
snp3215,0,0,1
snp3216,0,0,1
snp3217,0,0,1
snp3218,0,0,1
snp3219,0,0,1
snp3220,0,0,1
snp3221,0,0,1
snp3222,0,0,1
snp3223,0,0,1
snp3224,0,0,1
snp3225,0,0,1
snp3226,0,0,1
snp3227,0,0,1
snp3228,0,0,1
snp3229,0,0,1
snp3230,0,0,1
snp3231,0,0,1
snp3232,0,0,1
snp3233,0,0,1
snp3234,0,0,1
snp3235,0,0,1
snp3236,0,0,1
snp3237,0,0,1
snp3238,0,0,1
snp3239,0,0,1
snp3240,0,0,1
snp3241,0,0,1
snp3242,0,0,1
snp3243,0,0,1
snp3244,0,0,1
snp3245,0,0,1
0,0,0,0
snp3247,0,0,1
snp3248,0,0,1
snp3249,0,0,1
snp3250,0,0,1
snp3251,0,0,1
snp3252,0,0,1
snp3253,0,0,1
0,0,0,0
snp3255,0,0,1
snp3256,0,0,1
snp3257,0,0,1
snp3258,0,0,1
snp3259,0,0,1
snp3260,0,0,1
snp3261,0,0,1
snp3262,0,0,1
snp3263,0,0,1
snp3264,0,0,1
0,0,0,0
snp3266,0,0,1
snp3267,0,0,1
snp3268,0,0,1
snp3269,0,0,1
snp3270,0,0,1
snp3271,0,0,1
snp3272,0,0,1
snp3273,0,0,1
snp3274,0,0,1
snp3275,0,0,1
snp3276,0,0,1
snp3277,0,0,1
snp3278,0,0,1
snp3279,0,0,1
snp3280,0,0,1
snp3281,0,0,1
snp3282,0,0,1
snp3283,0,0,1
0,0,0,0
snp3285,0,0,1
snp3286,0,0,1
snp3287,0,0,1
snp3288,0,0,1
snp3289,0,0,1
snp3290,0,0,1
snp3291,0,0,1
snp3292,0,0,1
snp3293,0,0,1
snp3294,0,0,1
snp3295,0,0,1
snp3296,0,0,1
snp3297,0,0,1
snp3298,0,0,1
0,0,0,0
snp3300,0,0,1
snp3301,0,0,1
snp3302,0,0,1
snp3303,0,0,1
snp3304,0,0,1
snp3305,0,0,1
snp3306,0,0,1
snp3307,0,0,1
snp3308,0,0,1
snp3309,0,0,1
snp3310,0,0,1
snp3311,0,0,1
snp3312,0,0,1
snp3313,0,0,1
snp3314,0,0,1
snp3315,0,0,1
snp3316,0,0,1
snp3317,0,0,1
snp3318,0,0,1
snp3319,0,0,1
snp3320,0,0,1
snp3321,0,0,1
snp3322,0,0,1
snp3323,0,0,1
snp3324,0,0,1
snp3325,0,0,1
snp3326,0,0,1
snp3327,0,0,1
snp3328,0,0,1
snp3329,0,0,1
snp3330,0,0,1
snp3331,0,0,1
snp3332,0,0,1
snp3333,0,0,1
snp3334,0,0,1
snp3335,0,0,1
snp3336,0,0,1
snp3337,0,0,1
snp3338,0,0,1
snp3339,0,0,1
snp3340,0,0,1
snp3341,0,0,1
snp3342,0,0,1
snp3343,0,0,1
snp3344,0,0,1
snp3345,0,0,1
snp3346,0,0,1
snp3347,0,0,1
0,0,0,0
snp3349,0,0,1
snp3350,0,0,1
snp3351,0,0,1
snp3352,0,0,1
snp3353,0,0,1
snp3354,0,0,1
snp3355,0,0,1
snp3356,0,0,1
snp3357,0,0,1
snp3358,0,0,1
snp3359,0,0,1
snp3360,0,0,1
snp3361,0,0,1
snp3362,0,0,1
snp3363,0,0,1
snp3364,0,0,1
snp3365,0,0,1
snp3366,0,0,1
snp3367,0,0,1
snp3368,0,0,1
snp3369,0,0,1
snp3370,0,0,1
snp3371,0,0,1
snp3372,0,0,1
snp3373,0,0,1
snp3374,0,0,1
snp3375,0,0,1
snp3376,0,0,1
snp3377,0,0,1
snp3378,0,0,1
snp3379,0,0,1
snp3380,0,0,1
snp3381,0,0,1
snp3382,0,0,1
snp3383,0,0,1
snp3384,0,0,1
snp3385,0,0,1
snp3386,0,0,1
0,0,0,0
snp3388,0,0,1
snp3389,0,0,1
snp3390,0,0,1
snp3391,0,0,1
snp3392,0,0,1
snp3393,0,0,1
snp3394,0,0,1
snp3395,0,0,1
snp3396,0,0,1
snp3397,0,0,1
snp3398,0,0,1
snp3399,0,0,1
snp3400,0,0,1
snp3401,0,0,1
snp3402,0,0,1
snp3403,0,0,1
snp3404,0,0,1
snp3405,0,0,1
0,0,0,0
snp3407,0,0,1
snp3408,0,0,1
snp3409,0,0,1
snp3410,0,0,1
snp3411,0,0,1
snp3412,0,0,1
snp3413,0,0,1
0,0,0,0
snp3415,0,0,1
snp3416,0,0,1
snp3417,0,0,1
snp3418,0,0,1
snp3419,0,0,1
snp3420,0,0,1
snp3421,0,0,1
snp3422,0,0,1
snp3423,0,0,1
snp3424,0,0,1
snp3425,0,0,1
snp3426,0,0,1
snp3427,0,0,1
snp3428,0,0,1
snp3429,0,0,1
snp3430,0,0,1
snp3431,0,0,1
snp3432,0,0,1
snp3433,0,0,1
snp3434,0,0,1
snp3435,0,0,1
snp3436,0,0,1
snp3437,0,0,1
snp3438,0,0,1
snp3439,0,0,1
snp3440,0,0,1
0,0,0,0
snp3442,0,0,1
snp3443,0,0,1
snp3444,0,0,1
snp3445,0,0,1
snp3446,0,0,1
snp3447,0,0,1
snp3448,0,0,1
snp3449,0,0,1
snp3450,0,0,1
snp3451,0,0,1
snp3452,0,0,1
snp3453,0,0,1
snp3454,0,0,1
snp3455,0,0,1
snp3456,0,0,1
snp3457,0,0,1
snp3458,0,0,1
snp3459,0,0,1
snp3460,0,0,1
snp3461,0,0,1
snp3462,0,0,1
snp3463,0,0,1
snp3464,0,0,1
snp3465,0,0,1
snp3466,0,0,1
snp3467,0,0,1
snp3468,0,0,1
snp3469,0,0,1
snp3470,0,0,1
0,0,0,0
snp3472,0,0,1
snp3473,0,0,1
0,0,0,0
snp3475,0,0,1
snp3476,0,0,1
snp3477,0,0,1
snp3478,0,0,1
snp3479,0,0,1
snp3480,0,0,1
snp3481,0,0,1
snp3482,0,0,1
snp3483,0,0,1
snp3484,0,0,1
snp3485,0,0,1
snp3486,0,0,1
snp3487,0,0,1
snp3488,0,0,1
snp3489,0,0,1
snp3490,0,0,1
snp3491,0,0,1
snp3492,0,0,1
snp3493,0,0,1
snp3494,0,0,1
snp3495,0,0,1
snp3496,0,0,1
snp3497,0,0,1
snp3498,0,0,1
snp3499,0,0,1
snp3500,0,0,1
0,0,0,0
snp3502,0,0,1
snp3503,0,0,1
snp3504,0,0,1
snp3505,0,0,1
snp3506,0,0,1
snp3507,0,0,1
snp3508,0,0,1
snp3509,0,0,1
snp3510,0,0,1
snp3511,0,0,1
snp3512,0,0,1
snp3513,0,0,1
0,0,0,0
snp3515,0,0,1
snp3516,0,0,1
snp3517,0,0,1
snp3518,0,0,1
snp3519,0,0,1
snp3520,0,0,1
snp3521,0,0,1
snp3522,0,0,1
snp3523,0,0,1
snp3524,0,0,1
snp3525,0,0,1
snp3526,0,0,1
snp3527,0,0,1
snp3528,0,0,1
snp3529,0,0,1
snp3530,0,0,1
snp3531,0,0,1
snp3532,0,0,1
snp3533,0,0,1
snp3534,0,0,1
snp3535,0,0,1
snp3536,0,0,1
snp3537,0,0,1
snp3538,0,0,1
snp3539,0,0,1
snp3540,0,0,1
snp3541,0,0,1
snp3542,0,0,1
snp3543,0,0,1
snp3544,0,0,1
snp3545,0,0,1
snp3546,0,0,1
snp3547,0,0,1
snp3548,0,0,1
snp3549,0,0,1
snp3550,0,0,1
snp3551,0,0,1
snp3552,0,0,1
snp3553,0,0,1
snp3554,0,0,1
snp3555,0,0,1
snp3556,0,0,1
snp3557,0,0,1
snp3558,0,0,1
snp3559,0,0,1
snp3560,0,0,1
snp3561,0,0,1
snp3562,0,0,1
0,0,0,0
