snp,Chromosome,position
snp1,chr01,73001
snp2,chr01,159604
snp3,chr01,173026
snp4,chr01,324903
snp5,chr01,434662
snp6,chr01,464445
snp7,chr01,464446
snp8,chr01,464448
snp9,chr01,465469
snp10,chr01,469831
snp11,chr01,733025
snp12,chr01,733027
snp13,chr01,786826
snp14,chr01,852776
snp15,chr01,991247
snp16,chr01,1011771
snp17,chr01,1235392
snp18,chr01,1324824
snp19,chr01,1410245
snp20,chr01,1413290
snp21,chr01,1432393
snp22,chr01,1457920
snp23,chr01,1457927
snp24,chr01,1606619
snp25,chr01,1820028
snp26,chr01,1850087
snp27,chr01,2062534
snp28,chr01,2062537
snp29,chr01,2062542
snp30,chr01,2062543
snp31,chr01,2227141
snp32,chr01,2227142
snp33,chr01,2242537
snp34,chr01,2242538
snp35,chr01,2242540
snp36,chr01,2303729
snp37,chr01,2303731
snp38,chr01,2330437
snp39,chr01,2349931
snp40,chr01,2349932
snp41,chr01,2349934
snp42,chr01,2377595
snp43,chr01,2412495
snp44,chr01,2412497
snp45,chr01,2412498
snp46,chr01,2491180
snp47,chr01,2494645
snp48,chr01,2516308
snp49,chr01,2542011
snp50,chr01,2566883
snp51,chr01,2615879
snp52,chr01,2786136
snp53,chr01,2801631
snp54,chr01,2801633
snp55,chr01,2844305
snp56,chr01,2888044
snp57,chr01,2891063
snp58,chr01,3022578
snp59,chr01,3073933
snp60,chr01,3145137
snp61,chr01,3205105
snp62,chr01,3527241
snp63,chr01,3565182
snp64,chr01,3640803
snp65,chr01,3722940
snp66,chr01,3839257
snp67,chr01,3863126
snp68,chr01,3943464
snp69,chr01,4087286
snp70,chr01,4087418
snp71,chr01,4106452
snp72,chr01,4141179
snp73,chr01,4141188
snp74,chr01,4141190
snp75,chr01,4141658
snp76,chr01,4212043
snp77,chr01,4260481
snp78,chr01,4261257
snp79,chr01,4275804
snp80,chr01,4332809
snp81,chr01,4482445
snp82,chr01,4529635
snp83,chr01,4645624
snp84,chr01,4762187
snp85,chr01,4820171
snp86,chr01,4843628
snp87,chr01,4856271
snp88,chr01,4863504
snp89,chr01,4863514
snp90,chr01,4873413
snp91,chr01,4873418
snp92,chr01,4880302
snp93,chr01,4880625
snp94,chr01,4880748
snp95,chr01,5127289
snp96,chr01,5159669
snp97,chr01,5166832
snp98,chr01,5267645
snp99,chr01,5511278
snp100,chr01,5564677
snp101,chr01,5564688
snp102,chr01,5692300
snp103,chr01,5752999
snp104,chr01,5753001
snp105,chr01,5800450
snp106,chr01,5855463
snp107,chr01,5855466
snp108,chr01,5927830
snp109,chr01,5927832
snp110,chr01,5961863
snp111,chr01,6079718
snp112,chr01,6184456
snp113,chr01,6414047
snp114,chr01,6435218
snp115,chr01,6532250
snp116,chr01,6533063
snp117,chr01,6562811
snp118,chr01,6562812
snp119,chr01,6562813
snp120,chr01,6583521
snp121,chr01,6647974
snp122,chr01,6777182
snp123,chr01,6874645
snp124,chr01,6881899
snp125,chr01,6883143
snp126,chr01,6885877
snp127,chr01,7076888
snp128,chr01,7125292
snp129,chr01,7125299
snp130,chr01,7125300
snp131,chr01,7190199
snp132,chr01,7193210
snp133,chr01,7210363
snp134,chr01,7210489
snp135,chr01,7210491
snp136,chr01,7225219
snp137,chr01,7290317
snp138,chr01,7323280
snp139,chr01,7359296
snp140,chr01,7385427
snp141,chr01,7387244
snp142,chr01,7408363
snp143,chr01,7427212
snp144,chr01,7427214
snp145,chr01,7444311
snp146,chr01,7661384
snp147,chr01,7663466
snp148,chr01,7693451
snp149,chr01,7697832
snp150,chr01,7698980
snp151,chr01,7698982
snp152,chr01,7698983
snp153,chr01,7698984
snp154,chr01,7701567
snp155,chr01,7725668
snp156,chr02,217587
snp157,chr02,237533
snp158,chr02,480399
snp159,chr02,763856
snp160,chr02,995688
snp161,chr02,995697
snp162,chr02,1054595
snp163,chr02,1060062
snp164,chr02,1242180
snp165,chr02,1366015
snp166,chr02,1431101
snp167,chr02,1509496
snp168,chr02,1591319
snp169,chr02,1623029
snp170,chr02,1623030
snp171,chr02,1623032
snp172,chr02,1623223
snp173,chr02,1648474
snp174,chr02,1744219
snp175,chr02,1765025
snp176,chr02,1835002
snp177,chr02,1871471
snp178,chr02,1883256
snp179,chr02,1918859
snp180,chr02,1949802
snp181,chr02,1970662
snp182,chr02,1997532
snp183,chr02,1997533
snp184,chr02,2056477
snp185,chr02,2122614
snp186,chr02,2207716
snp187,chr02,2265222
snp188,chr02,2283738
snp189,chr02,2283739
snp190,chr02,2314577
snp191,chr02,2351096
snp192,chr02,2647445
snp193,chr02,2710048
snp194,chr02,2710049
snp195,chr02,2710052
snp196,chr02,2725979
snp197,chr02,2794746
snp198,chr02,2975955
snp199,chr02,3032007
snp200,chr02,3033283
snp201,chr02,3086660
snp202,chr02,3087944
snp203,chr02,3246203
snp204,chr02,3246307
snp205,chr02,3284520
snp206,chr02,3325498
snp207,chr02,3325500
snp208,chr02,3372536
snp209,chr02,3421333
snp210,chr02,3433911
snp211,chr02,3439249
snp212,chr02,3439250
snp213,chr02,3439252
snp214,chr02,3466295
snp215,chr02,3510022
snp216,chr02,3545922
snp217,chr02,3563206
snp218,chr02,3664074
snp219,chr02,3664076
snp220,chr02,3731981
snp221,chr02,3766634
snp222,chr02,3831783
snp223,chr02,3846250
snp224,chr02,4369553
snp225,chr02,4390956
snp226,chr02,4390957
snp227,chr02,4398127
snp228,chr02,4413900
snp229,chr02,4417396
snp230,chr02,4436640
snp231,chr02,4451751
snp232,chr02,4451755
snp233,chr02,4451759
snp234,chr02,4531883
snp235,chr02,4558639
snp236,chr02,4559163
snp237,chr02,4801231
snp238,chr02,4870690
snp239,chr02,4873094
snp240,chr02,4885651
snp241,chr02,4885653
snp242,chr02,5032271
snp243,chr02,5048716
snp244,chr02,5048758
snp245,chr02,5048842
snp246,chr02,5048863
snp247,chr02,5048872
snp248,chr02,5056421
snp249,chr02,5115686
snp250,chr02,5148666
snp251,chr02,5458166
snp252,chr02,5459205
snp253,chr02,5496683
snp254,chr02,5542366
snp255,chr02,5816877
snp256,chr02,5817801
snp257,chr02,5866764
snp258,chr02,5904505
snp259,chr02,5993890
snp260,chr02,5994244
snp261,chr02,6042445
snp262,chr02,6052044
snp263,chr02,6167783
snp264,chr02,6169202
snp265,chr02,6371772
snp266,chr02,6372156
snp267,chr02,6372159
snp268,chr02,6405234
snp269,chr02,6405236
snp270,chr02,6464235
snp271,chr02,6489089
snp272,chr02,6489096
snp273,chr02,6494196
snp274,chr02,6693621
snp275,chr02,6745180
snp276,chr02,6745185
snp277,chr02,6758143
snp278,chr02,6758151
snp279,chr02,6758153
snp280,chr02,6759088
snp281,chr02,6799150
snp282,chr02,6799165
snp283,chr02,6805884
snp284,chr02,6824331
snp285,chr02,6848137
snp286,chr02,6853066
snp287,chr02,6931896
snp288,chr02,7001920
snp289,chr02,7244384
snp290,chr02,7291794
snp291,chr02,7336833
snp292,chr02,7337001
snp293,chr02,7342254
snp294,chr02,7372101
snp295,chr03,96799
snp296,chr03,119824
snp297,chr03,119825
snp298,chr03,194156
snp299,chr03,203068
snp300,chr03,221705
snp301,chr03,258523
snp302,chr03,298162
snp303,chr03,376376
snp304,chr03,376830
snp305,chr03,435737
snp306,chr03,488180
snp307,chr03,870592
snp308,chr03,880217
snp309,chr03,880222
snp310,chr03,880223
snp311,chr03,952767
snp312,chr03,965557
snp313,chr03,991611
snp314,chr03,1047786
snp315,chr03,1051280
snp316,chr03,1054332
snp317,chr03,1123731
snp318,chr03,1145532
snp319,chr03,1185358
snp320,chr03,1235441
snp321,chr03,1442678
snp322,chr03,1502333
snp323,chr03,1514872
snp324,chr03,1518958
snp325,chr03,1565560
snp326,chr03,1665717
snp327,chr03,1684613
snp328,chr03,1718376
snp329,chr03,2037542
snp330,chr03,2057521
snp331,chr03,2075631
snp332,chr03,2097701
snp333,chr03,2100629
snp334,chr03,2263345
snp335,chr03,2270457
snp336,chr03,2270523
snp337,chr03,2270533
snp338,chr03,2270550
snp339,chr03,2389341
snp340,chr03,2389343
snp341,chr03,2389344
snp342,chr03,2395695
snp343,chr03,2644877
snp344,chr03,2845563
snp345,chr03,2845565
snp346,chr03,2920957
snp347,chr03,2948002
snp348,chr03,3034861
snp349,chr03,3111642
snp350,chr03,3116586
snp351,chr03,3151381
snp352,chr03,3221690
snp353,chr03,3255347
snp354,chr03,3255348
snp355,chr03,3255350
snp356,chr03,3283938
snp357,chr03,3369104
snp358,chr03,3384705
snp359,chr03,3394073
snp360,chr03,3410598
snp361,chr03,3420026
snp362,chr03,3438062
snp363,chr03,3438064
snp364,chr03,3491224
snp365,chr03,3517240
snp366,chr03,3600131
snp367,chr03,3600326
snp368,chr03,3701560
snp369,chr03,3706056
snp370,chr03,3826148
snp371,chr03,3891757
snp372,chr03,3946294
snp373,chr03,3946303
snp374,chr03,3978505
snp375,chr03,4061122
snp376,chr03,4144865
snp377,chr03,4240382
snp378,chr03,4301474
snp379,chr03,4357251
snp380,chr03,4418831
snp381,chr03,4476087
snp382,chr03,4540627
snp383,chr03,4577498
snp384,chr03,4578892
snp385,chr03,4582087
snp386,chr03,4584096
snp387,chr03,4676382
snp388,chr03,4722848
snp389,chr03,4727903
snp390,chr03,4743379
snp391,chr03,4783465
snp392,chr03,4838884
snp393,chr03,4839264
snp394,chr03,4987301
snp395,chr03,5040223
snp396,chr03,5040224
snp397,chr03,5056173
snp398,chr03,5151997
snp399,chr03,5152554
snp400,chr03,5169582
snp401,chr03,5184418
snp402,chr03,5439888
snp403,chr03,5746159
snp404,chr03,5764410
snp405,chr03,5789173
snp406,chr03,5828132
snp407,chr03,5853038
snp408,chr04,141895
snp409,chr04,142415
snp410,chr04,168778
snp411,chr04,169477
snp412,chr04,266087
snp413,chr04,702832
snp414,chr04,750414
snp415,chr04,806480
snp416,chr04,902495
snp417,chr04,965101
snp418,chr04,1178496
snp419,chr04,1224940
snp420,chr04,1224944
snp421,chr04,1345665
snp422,chr04,1346251
snp423,chr04,1438474
snp424,chr04,1524826
snp425,chr04,1527039
snp426,chr04,1800308
snp427,chr04,1837784
snp428,chr04,1882851
snp429,chr04,1899519
snp430,chr04,1990660
snp431,chr04,2013715
snp432,chr04,2056867
snp433,chr04,2087529
snp434,chr04,2172527
snp435,chr04,2390286
snp436,chr04,2391280
snp437,chr04,2392444
snp438,chr04,2394068
snp439,chr04,2395192
snp440,chr04,2410371
snp441,chr04,2412331
snp442,chr04,2413010
snp443,chr04,2457126
snp444,chr04,2462074
snp445,chr04,2557039
snp446,chr04,2577251
snp447,chr04,2596660
snp448,chr04,2613010
snp449,chr04,2613017
snp450,chr04,2717807
snp451,chr04,2735299
snp452,chr04,2765083
snp453,chr04,2765094
snp454,chr04,2781806
snp455,chr04,2944148
snp456,chr04,2999113
snp457,chr05,367978
snp458,chr05,376161
snp459,chr05,607355
snp460,chr05,642123
snp461,chr05,676012
snp462,chr05,676015
snp463,chr05,676016
snp464,chr05,683059
snp465,chr05,774620
snp466,chr05,979205
snp467,chr05,983266
snp468,chr05,997902
snp469,chr05,1063395
snp470,chr05,1107580
snp471,chr05,1141336
snp472,chr05,1159580
snp473,chr05,1269415
snp474,chr05,1343131
snp475,chr05,1393153
snp476,chr05,1393155
snp477,chr05,1393161
snp478,chr05,1581634
snp479,chr05,1598192
snp480,chr05,1624868
snp481,chr05,1812582
snp482,chr05,1840245
snp483,chr05,2098147
snp484,chr05,2137165
snp485,chr05,2360524
snp486,chr05,2388332
snp487,chr05,2631979
snp488,chr05,2632158
snp489,chr05,2632160
snp490,chr05,2633102
snp491,chr05,2672490
snp492,chr05,2705166
snp493,chr05,2714890
snp494,chr05,2720692
snp495,chr05,2764088
snp496,chr05,2785838
snp497,chr05,3043670
snp498,chr05,3043674
snp499,chr05,3064037
snp500,chr05,3126076
snp501,chr05,3176369
snp502,chr05,3249133
snp503,chr05,3249135
snp504,chr05,3354493
snp505,chr06,179393
snp506,chr06,223771
snp507,chr06,347413
snp508,chr06,503860
snp509,chr06,626450
snp510,chr06,962436
snp511,chr06,1102033
snp512,chr06,1115243
snp513,chr06,1149137
snp514,chr06,1149142
snp515,chr06,1258764
snp516,chr06,1267000
snp517,chr06,1267094
snp518,chr06,1275339
snp519,chr06,1290552
snp520,chr06,1393879
snp521,chr06,1428138
snp522,chr06,1430757
snp523,chr06,1469898
snp524,chr06,1567323
snp525,chr06,1769273
snp526,chr06,1830160
snp527,chr06,1835731
snp528,chr06,1952320
snp529,chr06,2080848
snp530,chr06,2129941
snp531,chr06,2217402
snp532,chr06,2217403
snp533,chr06,2287170
snp534,chr06,2342582
snp535,chr06,2499474
snp536,chr06,2660270
snp537,chr06,2674045
snp538,chr06,3194715
snp539,chr06,3213680
snp540,chr06,3215747
snp541,chr06,3277528
snp542,chr06,3281305
snp543,chr06,3297682
snp544,chr07,54489
snp545,chr07,86223
snp546,chr07,88492
snp547,chr07,454242
snp548,chr07,504426
snp549,chr07,553770
snp550,chr07,584071
snp551,chr07,637248
snp552,chr07,637249
snp553,chr07,637250
snp554,chr07,780822
snp555,chr07,812455
snp556,chr07,830729
snp557,chr07,854561
snp558,chr07,1071656
snp559,chr07,1074295
snp560,chr07,1092295
snp561,chr07,1159532
snp562,chr07,1386581
snp563,chr07,1386583
snp564,chr07,1446388
snp565,chr07,1582129
snp566,chr07,1635816
snp567,chr07,1655223
snp568,chr07,1845256
snp569,chr07,1845257
snp570,chr07,1845259
snp571,chr07,1917247
snp572,chr07,2058464
snp573,chr07,2206273
snp574,chr07,2263721
snp575,chr07,2292953
snp576,chr07,2424604
snp577,chr07,2424618
snp578,chr07,2444489
snp579,chr07,2478513
snp580,chr07,2478514
snp581,chr07,2478515
snp582,chr07,2485061
snp583,chr07,2830835
snp584,chr07,2830840
snp585,chr07,2863193
snp586,chr07,2931699
snp587,chr07,3051405
snp588,chr07,3091147
snp589,chr08,14829
snp590,chr01,106250
snp591,chr01,111374
snp592,chr01,127274
snp593,chr01,133613
snp594,chr01,133614
snp595,chr01,320855
snp596,chr01,321298
snp597,chr01,330574
snp598,chr01,412258
snp599,chr01,446874
snp600,chr01,446877
snp601,chr01,461715
snp602,chr01,468271
snp603,chr01,499597
snp604,chr01,512550
snp605,chr01,548228
snp606,chr01,628781
snp607,chr01,762000
snp608,chr01,796715
snp609,chr01,796720
snp610,chr01,819255
snp611,chr01,843790
snp612,chr01,856580
snp613,chr01,856582
snp614,chr01,857507
snp615,chr01,857509
snp616,chr01,874188
snp617,chr01,876811
snp618,chr01,884705
snp619,chr01,884716
snp620,chr01,910599
snp621,chr01,910601
snp622,chr01,910603
snp623,chr01,926747
snp624,chr01,933005
snp625,chr01,1006603
snp626,chr01,1007145
snp627,chr01,1019392
snp628,chr01,1032738
snp629,chr01,1043721
snp630,chr01,1196799
snp631,chr01,1215651
snp632,chr01,1223817
snp633,chr01,1261518
snp634,chr01,1261633
snp635,chr01,1266498
snp18,chr01,1324824
snp637,chr01,1331788
snp638,chr01,1336832
snp639,chr01,1336833
snp640,chr01,1346595
snp641,chr01,1350858
snp642,chr01,1355984
snp643,chr01,1364513
snp644,chr01,1364514
snp645,chr01,1366605
snp646,chr01,1460496
snp647,chr01,1488514
snp648,chr01,1499399
snp649,chr01,1510721
snp650,chr01,1517552
snp651,chr01,1518537
snp652,chr01,1544484
snp653,chr01,1561093
snp654,chr01,1588331
snp655,chr01,1599460
snp656,chr01,1607424
snp657,chr01,1828409
snp658,chr01,1857708
snp659,chr01,1863448
snp660,chr01,1863512
snp661,chr01,1909271
snp662,chr01,1923127
snp663,chr01,1951477
snp664,chr01,2006972
snp665,chr01,2007027
snp666,chr01,2008818
snp667,chr01,2070153
snp668,chr01,2072950
snp669,chr01,2094709
snp670,chr01,2100565
snp671,chr01,2118548
snp672,chr01,2158858
snp673,chr01,2159651
snp674,chr01,2162383
snp675,chr01,2167236
snp676,chr01,2174376
snp677,chr01,2174379
snp678,chr01,2207941
snp679,chr01,2222257
snp680,chr01,2228235
snp681,chr01,2323605
snp682,chr01,2336171
snp683,chr01,2355536
snp684,chr01,2379478
snp685,chr01,2379500
snp686,chr01,2379633
snp687,chr01,2417062
snp688,chr01,2430170
snp689,chr01,2446066
snp690,chr01,2462821
snp691,chr01,2491699
snp692,chr01,2495294
snp693,chr01,2498353
snp694,chr01,2547941
snp695,chr01,2555545
snp696,chr01,2591623
snp697,chr01,2607553
snp698,chr01,2613831
snp699,chr01,2635342
snp700,chr01,2635381
snp701,chr01,2651855
snp702,chr01,2731920
snp703,chr01,2759533
snp704,chr01,2773273
snp705,chr01,2776214
snp706,chr01,2776217
snp707,chr01,2799218
snp708,chr01,2819581
snp709,chr01,2819582
snp710,chr01,2823985
snp711,chr01,2835394
snp56,chr01,2888044
snp713,chr01,2892873
snp714,chr01,2980414
snp715,chr01,3015814
snp716,chr01,3071519
snp717,chr01,3133070
snp718,chr01,3147977
snp719,chr01,3164045
snp720,chr01,3173157
snp721,chr01,3178285
snp722,chr01,3195871
snp723,chr01,3237278
snp724,chr01,3485568
snp725,chr01,3491648
snp726,chr01,3515961
snp727,chr01,3530633
snp728,chr01,3530798
snp729,chr01,3592883
snp730,chr01,3616988
snp731,chr01,3617835
snp732,chr01,3625694
snp733,chr01,3679241
snp734,chr01,3693882
snp735,chr01,3751277
snp736,chr01,3789526
snp737,chr01,3830906
snp738,chr01,3840458
snp739,chr01,3856466
snp740,chr01,3856468
snp741,chr01,3874363
snp742,chr01,3900435
snp743,chr01,3924108
snp744,chr01,3930190
snp745,chr01,3943094
snp746,chr01,3950332
snp747,chr01,3959060
snp748,chr01,3991119
snp749,chr01,4003633
snp750,chr01,4019353
snp751,chr01,4023293
snp752,chr01,4043011
snp753,chr01,4043314
snp71,chr01,4106452
snp755,chr01,4212914
snp756,chr01,4258325
snp757,chr01,4273140
snp758,chr01,4276929
snp759,chr01,4332819
snp760,chr01,4447825
snp761,chr01,4511969
snp762,chr01,4545909
snp763,chr01,4554564
snp764,chr01,4554566
snp765,chr01,4554567
snp766,chr01,4592037
snp767,chr01,4619693
snp768,chr01,4655889
snp769,chr01,4694983
snp770,chr01,4709338
snp771,chr01,4812168
snp772,chr01,4835559
snp773,chr01,4836676
snp774,chr01,4836811
snp775,chr01,4837639
snp776,chr01,4847184
snp777,chr01,4869417
snp778,chr01,4899403
snp779,chr01,4913887
snp780,chr01,5051709
snp781,chr01,5067168
snp782,chr01,5094985
snp783,chr01,5097459
snp784,chr01,5106814
snp785,chr01,5113748
snp786,chr01,5131014
snp787,chr01,5156805
snp788,chr01,5157899
snp789,chr01,5182690
snp790,chr01,5202866
snp791,chr01,5204393
snp792,chr01,5220081
snp793,chr01,5344839
snp794,chr01,5369146
snp795,chr01,5389966
snp796,chr01,5403737
snp797,chr01,5429991
snp798,chr01,5432031
snp799,chr01,5441521
snp800,chr01,5461490
snp801,chr01,5461519
snp802,chr01,5513079
snp803,chr01,5513080
snp804,chr01,5545302
snp805,chr01,5592296
snp806,chr01,5618708
snp807,chr01,5632852
snp808,chr01,5633363
snp809,chr01,5637907
snp810,chr01,5639373
snp811,chr01,5649162
snp812,chr01,5649871
snp813,chr01,5658427
snp814,chr01,5678494
snp815,chr01,5768341
snp816,chr01,5768342
snp817,chr01,5781241
snp818,chr01,5785987
snp819,chr01,5815916
snp820,chr01,5819097
snp821,chr01,5887423
snp822,chr01,5887672
snp823,chr01,5887673
snp824,chr01,5887674
snp825,chr01,5963874
snp826,chr01,5987054
snp827,chr01,6019961
snp828,chr01,6019963
snp829,chr01,6040207
snp830,chr01,6060762
snp831,chr01,6067970
snp832,chr01,6081695
snp833,chr01,6085210
snp834,chr01,6087601
snp835,chr01,6156709
snp836,chr01,6226022
snp837,chr01,6295110
snp838,chr01,6342837
snp839,chr01,6384345
snp840,chr01,6399762
snp841,chr01,6425030
snp842,chr01,6435216
snp843,chr01,6435217
snp114,chr01,6435218
snp845,chr01,6454212
snp846,chr01,6470384
snp847,chr01,6476804
snp848,chr01,6529055
snp849,chr01,6545952
snp850,chr01,6558970
snp851,chr01,6558971
snp852,chr01,6582529
snp853,chr01,6615706
snp854,chr01,6619464
snp855,chr01,6636701
snp856,chr01,6659262
snp857,chr01,6659263
snp858,chr01,6688888
snp859,chr01,6743799
snp860,chr01,6758024
snp861,chr01,6874359
snp125,chr01,6883143
snp863,chr01,6893338
snp864,chr01,7036021
snp865,chr01,7042368
snp866,chr01,7051770
snp867,chr01,7058867
snp868,chr01,7160357
snp869,chr01,7176934
snp870,chr01,7176936
snp871,chr01,7184010
snp872,chr01,7188269
snp873,chr01,7195923
snp874,chr01,7195979
snp875,chr01,7196712
snp876,chr01,7199588
snp877,chr01,7199623
snp878,chr01,7250324
snp879,chr01,7252836
snp880,chr01,7258358
snp881,chr01,7292625
snp882,chr01,7303004
snp883,chr01,7303006
snp884,chr01,7303007
snp885,chr01,7347132
snp886,chr01,7358227
snp887,chr01,7393103
snp888,chr01,7445977
snp889,chr01,7464302
snp890,chr01,7477473
snp147,chr01,7663466
snp892,chr01,7672728
snp893,chr01,7676367
snp894,chr01,7682526
snp895,chr01,7690913
snp896,chr01,7695362
snp897,chr01,7696330
snp898,chr01,7705060
snp899,chr01,7792163
snp900,chr01,7856827
snp901,chr02,13752
snp902,chr02,15315
snp903,chr02,132989
snp904,chr02,414567
snp905,chr02,432295
snp906,chr02,496874
snp907,chr02,800250
snp908,chr02,813300
snp909,chr02,823157
snp910,chr02,919117
snp911,chr02,996284
snp912,chr02,1029847
snp913,chr02,1047366
snp914,chr02,1053150
snp915,chr02,1054712
snp916,chr02,1054795
snp917,chr02,1057571
snp918,chr02,1065624
snp919,chr02,1077250
snp920,chr02,1106065
snp921,chr02,1119102
snp922,chr02,1136275
snp923,chr02,1136290
snp924,chr02,1147511
snp925,chr02,1147531
snp926,chr02,1170069
snp927,chr02,1172773
snp928,chr02,1175284
snp929,chr02,1215875
snp930,chr02,1223812
snp931,chr02,1251598
snp932,chr02,1253255
snp933,chr02,1261351
snp934,chr02,1270420
snp935,chr02,1306270
snp936,chr02,1335673
snp937,chr02,1455170
snp938,chr02,1459540
snp939,chr02,1459543
snp940,chr02,1468204
snp941,chr02,1496402
snp942,chr02,1501453
snp943,chr02,1528427
snp944,chr02,1530612
snp945,chr02,1531091
snp946,chr02,1548038
snp947,chr02,1550503
snp948,chr02,1580148
snp949,chr02,1632723
snp950,chr02,1653436
snp951,chr02,1654152
snp952,chr02,1657219
snp953,chr02,1665784
snp954,chr02,1715707
snp955,chr02,1753892
snp956,chr02,1754575
snp957,chr02,1755593
snp958,chr02,1765012
snp959,chr02,1765022
snp175,chr02,1765025
snp961,chr02,1775169
snp962,chr02,1872769
snp963,chr02,1886512
snp964,chr02,1894935
snp965,chr02,1905928
snp966,chr02,1943149
snp967,chr02,1969794
snp968,chr02,1971697
snp969,chr02,1977482
snp970,chr02,2021654
snp971,chr02,2026534
snp972,chr02,2033347
snp973,chr02,2037548
snp974,chr02,2049143
snp975,chr02,2049184
snp976,chr02,2087268
snp977,chr02,2087269
snp978,chr02,2098873
snp979,chr02,2130259
snp980,chr02,2141420
snp981,chr02,2158205
snp982,chr02,2178040
snp983,chr02,2196524
snp984,chr02,2202690
snp985,chr02,2282990
snp986,chr02,2315479
snp987,chr02,2315551
snp988,chr02,2353373
snp989,chr02,2391031
snp990,chr02,2636264
snp991,chr02,2642730
snp992,chr02,2645630
snp993,chr02,2654638
snp994,chr02,2660653
snp995,chr02,2694597
snp996,chr02,2700582
snp997,chr02,2706175
snp998,chr02,2780033
snp999,chr02,2780773
snp1000,chr02,2808865
snp1001,chr02,2838004
snp1002,chr02,2857586
snp1003,chr02,2997588
snp1004,chr02,2999965
snp1005,chr02,3016865
snp1006,chr02,3052886
snp1007,chr02,3066563
snp1008,chr02,3069156
snp1009,chr02,3115658
snp1010,chr02,3176725
snp1011,chr02,3179261
snp1012,chr02,3244105
snp1013,chr02,3250307
snp1014,chr02,3273614
snp1015,chr02,3297212
snp1016,chr02,3318783
snp1017,chr02,3318787
snp1018,chr02,3333473
snp1019,chr02,3333569
snp1020,chr02,3363361
snp1021,chr02,3363363
snp1022,chr02,3365052
snp1023,chr02,3393541
snp1024,chr02,3449349
snp1025,chr02,3478306
snp1026,chr02,3481941
snp1027,chr02,3496431
snp1028,chr02,3507059
snp1029,chr02,3515521
snp1030,chr02,3516129
snp1031,chr02,3563533
snp1032,chr02,3567565
snp1033,chr02,3661530
snp1034,chr02,3692250
snp1035,chr02,3692252
snp1036,chr02,3692253
snp1037,chr02,3712620
snp1038,chr02,3750516
snp1039,chr02,3767389
snp1040,chr02,3797313
snp1041,chr02,3797704
snp1042,chr02,3819702
snp1043,chr02,3822054
snp1044,chr02,3827715
snp1045,chr02,3829840
snp1046,chr02,3829843
snp1047,chr02,3841784
snp1048,chr02,3873366
snp1049,chr02,3956389
snp1050,chr02,3957769
snp1051,chr02,3999858
snp1052,chr02,4181806
snp1053,chr02,4181991
snp1054,chr02,4195922
snp1055,chr02,4196077
snp1056,chr02,4199133
snp1057,chr02,4199818
snp1058,chr02,4211727
snp1059,chr02,4215983
snp1060,chr02,4233416
snp1061,chr02,4259868
snp1062,chr02,4272612
snp1063,chr02,4301933
snp1064,chr02,4306545
snp1065,chr02,4313426
snp1066,chr02,4323176
snp1067,chr02,4346609
snp1068,chr02,4357234
snp1069,chr02,4361855
snp1070,chr02,4403322
snp1071,chr02,4424478
snp1072,chr02,4452806
snp1073,chr02,4460013
snp1074,chr02,4468465
snp1075,chr02,4538850
snp1076,chr02,4571155
snp1077,chr02,4585014
snp1078,chr02,4585015
snp1079,chr02,4764858
snp1080,chr02,4850774
snp1081,chr02,4886564
snp1082,chr02,4894587
snp1083,chr02,4956521
snp1084,chr02,4956633
snp1085,chr02,4957704
snp1086,chr02,4959145
snp1087,chr02,4981781
snp243,chr02,5048716
snp244,chr02,5048758
snp245,chr02,5048842
snp1091,chr02,5055682
snp1092,chr02,5068363
snp1093,chr02,5113445
snp1094,chr02,5117915
snp1095,chr02,5192477
snp1096,chr02,5269424
snp1097,chr02,5294092
snp1098,chr02,5298820
snp1099,chr02,5314345
snp1100,chr02,5394297
snp1101,chr02,5394299
snp1102,chr02,5425553
snp1103,chr02,5441635
snp1104,chr02,5441637
snp1105,chr02,5500395
snp1106,chr02,5500681
snp1107,chr02,5507579
snp254,chr02,5542366
snp1109,chr02,5573585
snp1110,chr02,5579217
snp1111,chr02,5586885
snp1112,chr02,5598263
snp1113,chr02,5606801
snp1114,chr02,5630460
snp1115,chr02,5631278
snp1116,chr02,5631301
snp1117,chr02,5787742
snp1118,chr02,5788813
snp1119,chr02,5804394
snp1120,chr02,5818435
snp1121,chr02,5829252
snp1122,chr02,5834675
snp1123,chr02,5840174
snp1124,chr02,5909064
snp1125,chr02,5926188
snp1126,chr02,5926190
snp1127,chr02,5931291
snp1128,chr02,5933329
snp1129,chr02,5948903
snp1130,chr02,5993456
snp1131,chr02,6039890
snp1132,chr02,6063170
snp1133,chr02,6106401
snp1134,chr02,6106496
snp1135,chr02,6109259
snp1136,chr02,6132950
snp1137,chr02,6135614
snp1138,chr02,6135615
snp1139,chr02,6135617
snp1140,chr02,6144684
snp1141,chr02,6179423
snp1142,chr02,6264820
snp1143,chr02,6265569
snp1144,chr02,6322418
snp1145,chr02,6354321
snp1146,chr02,6355230
snp1147,chr02,6357552
snp265,chr02,6371772
snp266,chr02,6372156
snp267,chr02,6372159
snp1151,chr02,6377450
snp1152,chr02,6394953
snp1153,chr02,6395050
snp1154,chr02,6398257
snp1155,chr02,6401840
snp1156,chr02,6418217
snp1157,chr02,6419025
snp1158,chr02,6419486
snp1159,chr02,6419488
snp1160,chr02,6422065
snp1161,chr02,6423209
snp1162,chr02,6430750
snp1163,chr02,6441374
snp1164,chr02,6459987
snp1165,chr02,6478915
snp1166,chr02,6492321
snp1167,chr02,6492499
snp1168,chr02,6503201
snp1169,chr02,6655597
snp1170,chr02,6659969
snp1171,chr02,6690224
snp1172,chr02,6690241
snp1173,chr02,6751629
snp1174,chr02,6766250
snp1175,chr02,6766252
snp1176,chr02,6772366
snp1177,chr02,6792667
snp1178,chr02,6792669
snp1179,chr02,6870343
snp1180,chr02,6899486
snp1181,chr02,6939244
snp1182,chr02,6939752
snp1183,chr02,7023772
snp1184,chr02,7118765
snp1185,chr02,7223067
snp1186,chr02,7267522
snp1187,chr02,7282631
snp1188,chr02,7284663
snp1189,chr02,7288628
snp1190,chr02,7306996
snp1191,chr02,7307008
snp1192,chr02,7338703
snp294,chr02,7372101
snp1194,chr02,7384061
snp1195,chr02,7394635
snp1196,chr02,7406522
snp1197,chr02,7585056
snp1198,chr03,76323
snp1199,chr03,83449
snp1200,chr03,112583
snp1201,chr03,150930
snp1202,chr03,186499
snp298,chr03,194156
snp1204,chr03,200481
snp1205,chr03,227973
snp1206,chr03,287134
snp1207,chr03,367009
snp1208,chr03,375581
snp1209,chr03,416378
snp1210,chr03,439520
snp1211,chr03,537420
snp1212,chr03,541487
snp1213,chr03,567982
snp1214,chr03,740457
snp1215,chr03,776113
snp1216,chr03,867057
snp1217,chr03,868481
snp1218,chr03,868539
snp1219,chr03,875866
snp1220,chr03,949358
snp1221,chr03,976354
snp1222,chr03,990993
snp1223,chr03,1025863
snp1224,chr03,1048073
snp1225,chr03,1058219
snp1226,chr03,1090968
snp1227,chr03,1102082
snp1228,chr03,1102083
snp1229,chr03,1132524
snp1230,chr03,1143477
snp1231,chr03,1143487
snp318,chr03,1145532
snp1233,chr03,1175086
snp1234,chr03,1221585
snp1235,chr03,1225814
snp1236,chr03,1240995
snp1237,chr03,1349620
snp1238,chr03,1386662
snp1239,chr03,1392068
snp1240,chr03,1392077
snp1241,chr03,1392078
snp1242,chr03,1405353
snp1243,chr03,1405357
snp1244,chr03,1406839
snp1245,chr03,1406947
snp1246,chr03,1426141
snp1247,chr03,1430607
snp1248,chr03,1481666
snp1249,chr03,1511611
snp1250,chr03,1519429
snp1251,chr03,1543460
snp1252,chr03,1589450
snp1253,chr03,1618210
snp1254,chr03,1621163
snp1255,chr03,1673091
snp1256,chr03,1676671
snp1257,chr03,1688376
snp1258,chr03,1782754
snp1259,chr03,1787302
snp1260,chr03,1792752
snp1261,chr03,1928466
snp1262,chr03,1931622
snp1263,chr03,1934619
snp1264,chr03,1934621
snp1265,chr03,1968974
snp1266,chr03,1975869
snp1267,chr03,1985652
snp1268,chr03,2003988
snp1269,chr03,2028249
snp1270,chr03,2087494
snp1271,chr03,2092606
snp1272,chr03,2129149
snp1273,chr03,2151656
snp1274,chr03,2155970
snp1275,chr03,2163098
snp1276,chr03,2174312
snp1277,chr03,2220667
snp1278,chr03,2252941
snp1279,chr03,2253132
snp1280,chr03,2256504
snp1281,chr03,2291788
snp1282,chr03,2389340
snp1283,chr03,2389342
snp1284,chr03,2400546
snp1285,chr03,2407156
snp1286,chr03,2621124
snp1287,chr03,2645023
snp1288,chr03,2716120
snp1289,chr03,2723571
snp1290,chr03,2724759
snp1291,chr03,2741165
snp1292,chr03,2798825
snp1293,chr03,2814796
snp1294,chr03,2837523
snp1295,chr03,2847976
snp1296,chr03,2885110
snp1297,chr03,2933381
snp1298,chr03,2946381
snp1299,chr03,2952496
snp1300,chr03,2955835
snp1301,chr03,3017056
snp1302,chr03,3026400
snp1303,chr03,3058317
snp1304,chr03,3079092
snp1305,chr03,3082750
snp1306,chr03,3100619
snp1307,chr03,3100796
snp1308,chr03,3112971
snp1309,chr03,3135973
snp1310,chr03,3178017
snp1311,chr03,3178024
snp1312,chr03,3206287
snp1313,chr03,3232998
snp1314,chr03,3285582
snp1315,chr03,3311901
snp1316,chr03,3320950
snp357,chr03,3369104
snp1318,chr03,3377133
snp1319,chr03,3377163
snp1320,chr03,3466001
snp1321,chr03,3516202
snp366,chr03,3600131
snp367,chr03,3600326
snp1324,chr03,3622276
snp1325,chr03,3623444
snp1326,chr03,3634557
snp1327,chr03,3634565
snp1328,chr03,3688704
snp1329,chr03,3703565
snp1330,chr03,3727747
snp1331,chr03,3739836
snp1332,chr03,3739839
snp1333,chr03,3765473
snp1334,chr03,3843801
snp1335,chr03,3843804
snp1336,chr03,3843879
snp1337,chr03,3873546
snp1338,chr03,3880945
snp1339,chr03,3954389
snp1340,chr03,3959997
snp1341,chr03,3960002
snp1342,chr03,3961669
snp1343,chr03,3974959
snp1344,chr03,4082944
snp1345,chr03,4132062
snp1346,chr03,4158195
snp1347,chr03,4158216
snp1348,chr03,4178084
snp1349,chr03,4196611
snp1350,chr03,4231041
snp1351,chr03,4233749
snp1352,chr03,4320723
snp1353,chr03,4364925
snp1354,chr03,4391398
snp1355,chr03,4391411
snp1356,chr03,4408986
snp1357,chr03,4411825
snp1358,chr03,4412756
snp1359,chr03,4434815
snp1360,chr03,4451733
snp1361,chr03,4463221
snp1362,chr03,4463271
snp1363,chr03,4463316
snp1364,chr03,4480798
snp1365,chr03,4484295
snp1366,chr03,4493299
snp1367,chr03,4503436
snp1368,chr03,4535785
snp1369,chr03,4547554
snp1370,chr03,4575493
snp1371,chr03,4633491
snp1372,chr03,4653584
snp1373,chr03,4751869
snp1374,chr03,4772610
snp1375,chr03,4818630
snp1376,chr03,4826264
snp1377,chr03,4838543
snp1378,chr03,4844439
snp1379,chr03,4861175
snp1380,chr03,4897676
snp1381,chr03,4924652
snp1382,chr03,4934191
snp1383,chr03,4940066
snp1384,chr03,4940670
snp1385,chr03,4947411
snp1386,chr03,4956319
snp1387,chr03,4956320
snp1388,chr03,4957980
snp1389,chr03,4972837
snp1390,chr03,4998447
snp1391,chr03,4999503
snp1392,chr03,5000307
snp1393,chr03,5011707
snp1394,chr03,5025177
snp1395,chr03,5106172
snp1396,chr03,5167769
snp1397,chr03,5175961
snp1398,chr03,5196809
snp1399,chr03,5316269
snp1400,chr03,5320960
snp1401,chr03,5366803
snp1402,chr03,5373813
snp1403,chr03,5412358
snp1404,chr03,5435110
snp1405,chr03,5462097
snp1406,chr03,5462572
snp1407,chr03,5497944
snp1408,chr03,5497945
snp1409,chr03,5498468
snp1410,chr03,5525472
snp1411,chr03,5724799
snp1412,chr03,5724832
snp1413,chr03,5738819
snp1414,chr03,5757381
snp1415,chr03,5757383
snp1416,chr03,5787013
snp1417,chr03,5787333
snp1418,chr03,5789221
snp1419,chr03,5793472
snp1420,chr03,5795602
snp1421,chr03,5812627
snp1422,chr03,5816226
snp1423,chr03,5818777
snp406,chr03,5828132
snp1425,chr03,5852894
snp1426,chr03,5852895
snp1427,chr03,5852896
snp1428,chr03,5893044
snp1429,chr03,6002512
snp1430,chr03,6125655
snp1431,chr03,6125657
snp1432,chr04,7480
snp1433,chr04,9830
snp1434,chr04,88242
snp1435,chr04,101301
snp1436,chr04,102444
snp1437,chr04,102445
snp1438,chr04,113347
snp1439,chr04,113402
snp1440,chr04,113608
snp1441,chr04,141888
snp409,chr04,142415
snp1443,chr04,167644
snp1444,chr04,171862
snp1445,chr04,171873
snp1446,chr04,270420
snp1447,chr04,275264
snp1448,chr04,275265
snp1449,chr04,462524
snp1450,chr04,465963
snp1451,chr04,503556
snp1452,chr04,503558
snp1453,chr04,504314
snp1454,chr04,639430
snp1455,chr04,639437
snp1456,chr04,672602
snp1457,chr04,678165
snp1458,chr04,680577
snp1459,chr04,688051
snp414,chr04,750414
snp1461,chr04,759341
snp1462,chr04,759387
snp1463,chr04,759399
snp1464,chr04,780240
snp1465,chr04,808765
snp1466,chr04,888669
snp1467,chr04,914623
snp1468,chr04,993638
snp1469,chr04,1008891
snp1470,chr04,1010338
snp1471,chr04,1030716
snp1472,chr04,1049408
snp1473,chr04,1053688
snp1474,chr04,1140006
snp1475,chr04,1158225
snp1476,chr04,1165235
snp1477,chr04,1171295
snp1478,chr04,1217335
snp1479,chr04,1223314
snp1480,chr04,1274691
snp1481,chr04,1290551
snp1482,chr04,1346914
snp1483,chr04,1348496
snp1484,chr04,1349146
snp1485,chr04,1503279
snp1486,chr04,1503357
snp1487,chr04,1527464
snp1488,chr04,1528074
snp1489,chr04,1563855
snp1490,chr04,1593467
snp1491,chr04,1617217
snp1492,chr04,1773072
snp1493,chr04,1774547
snp1494,chr04,1776061
snp1495,chr04,1779459
snp1496,chr04,1806524
snp1497,chr04,1854557
snp1498,chr04,1865910
snp1499,chr04,1876323
snp1500,chr04,1876841
snp1501,chr04,1902854
snp1502,chr04,1916230
snp1503,chr04,1976107
snp1504,chr04,1978832
snp1505,chr04,2000076
snp431,chr04,2013715
snp1507,chr04,2014931
snp1508,chr04,2018283
snp1509,chr04,2035367
snp1510,chr04,2053481
snp432,chr04,2056867
snp1512,chr04,2087487
snp1513,chr04,2099989
snp1514,chr04,2107359
snp1515,chr04,2116998
snp1516,chr04,2168840
snp1517,chr04,2173095
snp1518,chr04,2183771
snp1519,chr04,2209258
snp1520,chr04,2342050
snp1521,chr04,2367515
snp1522,chr04,2373982
snp1523,chr04,2379801
snp1524,chr04,2380156
snp1525,chr04,2389618
snp1526,chr04,2389637
snp1527,chr04,2389639
snp1528,chr04,2389795
snp1529,chr04,2389798
snp1530,chr04,2390351
snp1531,chr04,2393996
snp1532,chr04,2394115
snp1533,chr04,2394125
snp1534,chr04,2394158
snp1535,chr04,2433273
snp1536,chr04,2433384
snp1537,chr04,2482414
snp1538,chr04,2556681
snp1539,chr04,2589084
snp1540,chr04,2592801
snp1541,chr04,2618693
snp1542,chr04,2691249
snp1543,chr04,2699394
snp1544,chr04,2736469
snp1545,chr04,2736487
snp1546,chr04,2745504
snp1547,chr04,2763139
snp1548,chr04,2904041
snp1549,chr04,2917373
snp1550,chr04,2950537
snp1551,chr04,2980551
snp1552,chr04,2989382
snp1553,chr04,2997048
snp456,chr04,2999113
snp1555,chr04,3001964
snp1556,chr04,3008639
snp1557,chr04,3013314
snp1558,chr04,3086590
snp1559,chr05,16304
snp1560,chr05,161037
snp1561,chr05,288434
snp1562,chr05,291762
snp1563,chr05,297606
snp1564,chr05,310966
snp1565,chr05,320138
snp1566,chr05,368648
snp1567,chr05,374283
snp1568,chr05,414184
snp1569,chr05,423795
snp1570,chr05,500765
snp1571,chr05,500774
snp1572,chr05,594556
snp1573,chr05,594557
snp1574,chr05,616523
snp1575,chr05,630055
snp1576,chr05,666236
snp1577,chr05,672810
snp1578,chr05,675596
snp1579,chr05,731241
snp1580,chr05,731285
snp1581,chr05,874418
snp1582,chr05,881667
snp1583,chr05,903698
snp1584,chr05,910983
snp1585,chr05,983250
snp1586,chr05,983251
snp1587,chr05,983252
snp1588,chr05,1003167
snp1589,chr05,1003170
snp1590,chr05,1004864
snp1591,chr05,1077069
snp1592,chr05,1078439
snp1593,chr05,1091557
snp1594,chr05,1099715
snp1595,chr05,1126720
snp1596,chr05,1132334
snp1597,chr05,1136295
snp1598,chr05,1142435
snp1599,chr05,1153192
snp1600,chr05,1160520
snp1601,chr05,1181638
snp1602,chr05,1211478
snp1603,chr05,1228926
snp1604,chr05,1248741
snp1605,chr05,1314610
snp1606,chr05,1339491
snp1607,chr05,1351026
snp1608,chr05,1353255
snp1609,chr05,1357083
snp1610,chr05,1357087
snp1611,chr05,1357199
snp1612,chr05,1360698
snp1613,chr05,1366023
snp1614,chr05,1394420
snp1615,chr05,1487737
snp1616,chr05,1614502
snp1617,chr05,1622757
snp1618,chr05,1641744
snp1619,chr05,1654336
snp1620,chr05,1661997
snp1621,chr05,1687155
snp1622,chr05,1694678
snp1623,chr05,1694681
snp1624,chr05,1719932
snp1625,chr05,1730708
snp1626,chr05,1824193
snp1627,chr05,1881993
snp1628,chr05,1890442
snp1629,chr05,2021662
snp1630,chr05,2132268
snp1631,chr05,2142028
snp1632,chr05,2143054
snp1633,chr05,2147639
snp1634,chr05,2150560
snp1635,chr05,2150628
snp1636,chr05,2359530
snp1637,chr05,2629054
snp1638,chr05,2630644
snp1639,chr05,2641019
snp1640,chr05,2713685
snp1641,chr05,2760195
snp1642,chr05,2782769
snp1643,chr05,2784887
snp1644,chr05,2785932
snp1645,chr05,2802091
snp1646,chr05,2817194
snp1647,chr05,2852054
snp1648,chr05,2894949
snp1649,chr05,2894985
snp1650,chr05,2910621
snp1651,chr05,2952048
snp1652,chr05,3028814
snp1653,chr05,3028819
snp1654,chr05,3028820
snp1655,chr05,3063290
snp1656,chr05,3166267
snp1657,chr05,3178687
snp1658,chr05,3214116
snp1659,chr05,3226311
snp1660,chr05,3234396
snp1661,chr05,3356076
snp1662,chr05,3394598
snp1663,chr06,3285
snp1664,chr06,34755
snp1665,chr06,76515
snp1666,chr06,76516
snp1667,chr06,76517
snp1668,chr06,222753
snp506,chr06,223771
snp1670,chr06,247741
snp1671,chr06,247744
snp1672,chr06,247745
snp1673,chr06,271607
snp1674,chr06,285955
snp1675,chr06,285956
snp1676,chr06,286328
snp1677,chr06,290992
snp1678,chr06,290998
snp1679,chr06,305629
snp1680,chr06,333632
snp1681,chr06,380699
snp1682,chr06,386054
snp1683,chr06,402963
snp1684,chr06,409725
snp1685,chr06,415483
snp1686,chr06,451712
snp1687,chr06,454054
snp1688,chr06,465219
snp1689,chr06,487986
snp1690,chr06,502296
snp1691,chr06,535225
snp1692,chr06,566982
snp1693,chr06,648073
snp1694,chr06,662169
snp1695,chr06,662398
snp1696,chr06,665762
snp1697,chr06,689360
snp1698,chr06,750588
snp1699,chr06,750591
snp1700,chr06,771186
snp1701,chr06,935845
snp1702,chr06,943775
snp1703,chr06,985236
snp1704,chr06,994192
snp1705,chr06,994575
snp1706,chr06,1020965
snp1707,chr06,1051446
snp1708,chr06,1053187
snp1709,chr06,1070030
snp1710,chr06,1096829
snp1711,chr06,1096833
snp1712,chr06,1096834
snp1713,chr06,1098405
snp1714,chr06,1103554
snp1715,chr06,1160006
snp1716,chr06,1234216
snp1717,chr06,1237764
snp1718,chr06,1237775
snp1719,chr06,1248770
snp1720,chr06,1248773
snp1721,chr06,1248776
snp1722,chr06,1253723
snp1723,chr06,1300171
snp1724,chr06,1306476
snp1725,chr06,1371794
snp1726,chr06,1484916
snp1727,chr06,1496027
snp1728,chr06,1512080
snp1729,chr06,1563380
snp1730,chr06,1613500
snp1731,chr06,1637031
snp1732,chr06,1745424
snp1733,chr06,1779609
snp1734,chr06,1795254
snp1735,chr06,1795817
snp1736,chr06,1795820
snp1737,chr06,1795821
snp1738,chr06,1812036
snp1739,chr06,1830100
snp1740,chr06,1830116
snp1741,chr06,1837622
snp1742,chr06,1850334
snp1743,chr06,1872406
snp1744,chr06,1872407
snp1745,chr06,1955806
snp1746,chr06,1975286
snp1747,chr06,1975287
snp1748,chr06,1986730
snp1749,chr06,2101372
snp1750,chr06,2115209
snp1751,chr06,2150628
snp1752,chr06,2188258
snp1753,chr06,2189027
snp1754,chr06,2191171
snp1755,chr06,2235096
snp1756,chr06,2246358
snp1757,chr06,2336603
snp1758,chr06,2400601
snp1759,chr06,2502924
snp1760,chr06,2512147
snp1761,chr06,2512619
snp1762,chr06,2524301
snp1763,chr06,2524398
snp1764,chr06,2528458
snp1765,chr06,2589140
snp1766,chr06,2605755
snp1767,chr06,2662135
snp1768,chr06,2682970
snp1769,chr06,2689505
snp1770,chr06,2709662
snp1771,chr06,2710770
snp1772,chr06,2710801
snp1773,chr06,2857831
snp1774,chr06,2862461
snp1775,chr06,2864255
snp1776,chr06,2927323
snp1777,chr06,2932266
snp1778,chr06,2939437
snp1779,chr06,3123486
snp1780,chr06,3189139
snp1781,chr06,3204353
snp1782,chr06,3213748
snp1783,chr06,3215158
snp540,chr06,3215747
snp1785,chr06,3231611
snp1786,chr06,3244360
snp1787,chr06,3306356
snp1788,chr06,3415519
snp1789,chr06,3415523
snp1790,chr07,45723
snp1791,chr07,59605
snp1792,chr07,101622
snp1793,chr07,179664
snp1794,chr07,212563
snp1795,chr07,259930
snp1796,chr07,304521
snp1797,chr07,304750
snp1798,chr07,326068
snp1799,chr07,328010
snp1800,chr07,328130
snp1801,chr07,341692
snp1802,chr07,466771
snp1803,chr07,468248
snp1804,chr07,481694
snp1805,chr07,485571
snp1806,chr07,491621
snp1807,chr07,494968
snp1808,chr07,494970
snp1809,chr07,511495
snp1810,chr07,527663
snp1811,chr07,528862
snp1812,chr07,529417
snp1813,chr07,540866
snp1814,chr07,575916
snp1815,chr07,632097
snp1816,chr07,640425
snp1817,chr07,644260
snp1818,chr07,655090
snp1819,chr07,655137
snp1820,chr07,775888
snp1821,chr07,785635
snp1822,chr07,800572
snp1823,chr07,815663
snp1824,chr07,834904
snp1825,chr07,837129
snp1826,chr07,866306
snp1827,chr07,867141
snp1828,chr07,871824
snp1829,chr07,893637
snp1830,chr07,925404
snp1831,chr07,935970
snp1832,chr07,947277
snp1833,chr07,978928
snp1834,chr07,1031096
snp1835,chr07,1059412
snp1836,chr07,1061338
snp1837,chr07,1076758
snp1838,chr07,1109753
snp1839,chr07,1119763
snp1840,chr07,1141994
snp1841,chr07,1155454
snp1842,chr07,1206226
snp1843,chr07,1207975
snp1844,chr07,1207978
snp1845,chr07,1218969
snp1846,chr07,1220663
snp1847,chr07,1240866
snp1848,chr07,1245045
snp1849,chr07,1295654
snp1850,chr07,1336825
snp1851,chr07,1339392
snp1852,chr07,1356548
snp1853,chr07,1356550
snp1854,chr07,1374181
snp1855,chr07,1385253
snp1856,chr07,1437342
snp1857,chr07,1644571
snp1858,chr07,1660394
snp1859,chr07,1791319
snp1860,chr07,1802297
snp1861,chr07,1802307
snp1862,chr07,1804962
snp1863,chr07,1809686
snp1864,chr07,1818597
snp1865,chr07,1818598
snp1866,chr07,1820578
snp1867,chr07,1886728
snp1868,chr07,1889003
snp1869,chr07,1912887
snp1870,chr07,1922744
snp1871,chr07,1943812
snp1872,chr07,1951953
snp1873,chr07,1955218
snp1874,chr07,1959539
snp1875,chr07,1961362
snp1876,chr07,1967542
snp1877,chr07,1973735
snp1878,chr07,1983965
snp1879,chr07,1989782
snp1880,chr07,2011093
snp1881,chr07,2037652
snp1882,chr07,2045746
snp1883,chr07,2050593
snp1884,chr07,2055148
snp1885,chr07,2058555
snp1886,chr07,2073240
snp1887,chr07,2095771
snp1888,chr07,2099611
snp1889,chr07,2165794
snp1890,chr07,2177044
snp1891,chr07,2179446
snp1892,chr07,2199664
snp573,chr07,2206273
snp1894,chr07,2267968
snp1895,chr07,2267969
snp1896,chr07,2273550
snp1897,chr07,2283436
snp1898,chr07,2289874
snp1899,chr07,2317733
snp1900,chr07,2431093
snp1901,chr07,2603330
snp1902,chr07,2671255
snp1903,chr07,2671258
snp1904,chr07,2689074
snp1905,chr07,2713457
snp1906,chr07,2716708
snp1907,chr07,2744647
snp1908,chr07,2744650
snp1909,chr07,2760466
snp1910,chr07,2858030
snp1911,chr07,2883175
snp1912,chr07,2925300
snp1913,chr07,3060308
snp1914,chr07,3110676
snp1915,chr07,3113145
snp1916,chr07,3122318
snp1917,chr07,3174480
snp1918,chr01,12394
snp1919,chr01,27151
snp1920,chr01,49405
snp1921,chr01,49547
snp1922,chr01,80935
snp1923,chr01,81672
snp1924,chr01,88421
snp1925,chr01,100273
snp1926,chr01,112534
snp1927,chr01,125625
snp1928,chr01,127946
snp1929,chr01,131811
snp1930,chr01,136905
snp1931,chr01,157659
snp1932,chr01,172280
snp1933,chr01,276336
snp1934,chr01,405789
snp1935,chr01,407374
snp1936,chr01,434297
snp5,chr01,434662
snp1938,chr01,454969
snp1939,chr01,518432
snp1940,chr01,548718
snp1941,chr01,581615
snp1942,chr01,604611
snp1943,chr01,617087
snp1944,chr01,630710
snp1945,chr01,732337
snp1946,chr01,733505
snp1947,chr01,734945
snp1948,chr01,734946
snp1949,chr01,757936
snp1950,chr01,818953
snp1951,chr01,825589
snp1952,chr01,826631
snp1953,chr01,829441
snp1954,chr01,839891
snp611,chr01,843790
snp14,chr01,852776
snp1957,chr01,865214
snp1958,chr01,889040
snp1959,chr01,918219
snp1960,chr01,988772
snp1961,chr01,996167
snp1962,chr01,1010012
snp1963,chr01,1013763
snp1964,chr01,1036437
snp1965,chr01,1051449
snp1966,chr01,1053682
snp1967,chr01,1106433
snp1968,chr01,1114352
snp1969,chr01,1115049
snp1970,chr01,1120055
snp1971,chr01,1162899
snp1972,chr01,1164266
snp1973,chr01,1165101
snp1974,chr01,1165102
snp1975,chr01,1179123
snp1976,chr01,1186665
snp1977,chr01,1192856
snp1978,chr01,1215295
snp1979,chr01,1217895
snp1980,chr01,1217896
snp1981,chr01,1225718
snp1982,chr01,1320854
snp18,chr01,1324824
snp1984,chr01,1331783
snp1985,chr01,1332261
snp1986,chr01,1427236
snp1987,chr01,1437107
snp1988,chr01,1449662
snp1989,chr01,1450054
snp22,chr01,1457920
snp23,chr01,1457927
snp1992,chr01,1458486
snp1993,chr01,1476101
snp1994,chr01,1494498
snp1995,chr01,1503661
snp1996,chr01,1547589
snp1997,chr01,1547590
snp1998,chr01,1583531
snp1999,chr01,1898202
snp2000,chr01,1936351
snp2001,chr01,1942982
snp2002,chr01,1989503
snp2003,chr01,2062541
snp29,chr01,2062542
snp30,chr01,2062543
snp2006,chr01,2104509
snp2007,chr01,2104510
snp2008,chr01,2105053
snp2009,chr01,2105881
snp2010,chr01,2106184
snp2011,chr01,2168449
snp2012,chr01,2205230
snp2013,chr01,2210526
snp2014,chr01,2211332
snp2015,chr01,2212002
snp2016,chr01,2212439
snp2017,chr01,2212727
snp2018,chr01,2224410
snp2019,chr01,2264059
snp2020,chr01,2268213
snp2021,chr01,2280141
snp2022,chr01,2286890
snp2023,chr01,2304317
snp2024,chr01,2325147
snp38,chr01,2330437
snp2026,chr01,2346390
snp2027,chr01,2390180
snp2028,chr01,2402390
snp2029,chr01,2418632
snp2030,chr01,2423553
snp2031,chr01,2431605
snp2032,chr01,2431606
snp2033,chr01,2453454
snp2034,chr01,2482867
snp2035,chr01,2486831
snp2036,chr01,2486832
snp46,chr01,2491180
snp2038,chr01,2491591
snp2039,chr01,2499439
snp2040,chr01,2511849
snp2041,chr01,2542850
snp2042,chr01,2565392
snp2043,chr01,2597094
snp2044,chr01,2604919
snp2045,chr01,2618417
snp2046,chr01,2643219
snp2047,chr01,2644763
snp2048,chr01,2644789
snp2049,chr01,2729746
snp2050,chr01,2731274
snp2051,chr01,2751346
snp703,chr01,2759533
snp2053,chr01,2761579
snp2054,chr01,2772745
snp52,chr01,2786136
snp2056,chr01,2794642
snp2057,chr01,2800942
snp53,chr01,2801631
snp54,chr01,2801633
snp2060,chr01,2809979
snp2061,chr01,2824325
snp2062,chr01,2827622
snp2063,chr01,2881515
snp56,chr01,2888044
snp2065,chr01,2900889
snp2066,chr01,2903874
snp2067,chr01,2926386
snp2068,chr01,2950315
snp2069,chr01,2964445
snp2070,chr01,2967111
snp2071,chr01,3019904
snp2072,chr01,3019905
snp2073,chr01,3019907
snp2074,chr01,3076210
snp2075,chr01,3169643
snp2076,chr01,3194738
snp2077,chr01,3223774
snp2078,chr01,3249424
snp2079,chr01,3266693
snp2080,chr01,3488445
snp2081,chr01,3488446
snp2082,chr01,3488449
snp725,chr01,3491648
snp726,chr01,3515961
snp2085,chr01,3546424
snp2086,chr01,3556986
snp63,chr01,3565182
snp2088,chr01,3578442
snp2089,chr01,3588874
snp2090,chr01,3614533
snp2091,chr01,3620496
snp64,chr01,3640803
snp2093,chr01,3642856
snp2094,chr01,3642858
snp2095,chr01,3686014
snp2096,chr01,3713951
snp2097,chr01,3722939
snp2098,chr01,3749877
snp2099,chr01,3753162
snp2100,chr01,3756544
snp2101,chr01,3778511
snp2102,chr01,3790353
snp2103,chr01,3824324
snp2104,chr01,3828875
snp2105,chr01,3850375
snp2106,chr01,3851502
snp2107,chr01,3857900
snp2108,chr01,3873910
snp2109,chr01,3880980
snp2110,chr01,3897596
snp2111,chr01,3908316
snp2112,chr01,3956625
snp2113,chr01,3959114
snp2114,chr01,3965022
snp2115,chr01,3965206
snp2116,chr01,3971230
snp2117,chr01,3980152
snp2118,chr01,4000887
snp2119,chr01,4003043
snp2120,chr01,4004112
snp2121,chr01,4034872
snp753,chr01,4043314
snp2123,chr01,4044938
snp2124,chr01,4061635
snp2125,chr01,4063681
snp2126,chr01,4066580
snp2127,chr01,4066581
snp2128,chr01,4077734
snp2129,chr01,4077791
snp71,chr01,4106452
snp2131,chr01,4121441
snp2132,chr01,4127726
snp2133,chr01,4136955
snp2134,chr01,4142206
snp2135,chr01,4209735
snp2136,chr01,4213837
snp2137,chr01,4213840
snp2138,chr01,4292347
snp2139,chr01,4326437
snp2140,chr01,4329288
snp2141,chr01,4334036
snp2142,chr01,4413487
snp2143,chr01,4426393
snp2144,chr01,4488069
snp2145,chr01,4510463
snp2146,chr01,4538308
snp2147,chr01,4541459
snp2148,chr01,4605993
snp2149,chr01,4640745
snp2150,chr01,4650591
snp2151,chr01,4660189
snp2152,chr01,4686928
snp2153,chr01,4710024
snp2154,chr01,4710035
snp2155,chr01,4721322
snp2156,chr01,4736281
snp2157,chr01,4738366
snp2158,chr01,4742071
snp2159,chr01,4752497
snp2160,chr01,4802215
snp2161,chr01,4856407
snp90,chr01,4873413
snp91,chr01,4873418
snp2164,chr01,4873761
snp2165,chr01,4884015
snp2166,chr01,4903430
snp2167,chr01,4912490
snp2168,chr01,4912500
snp2169,chr01,4925984
snp2170,chr01,5102111
snp2171,chr01,5104963
snp2172,chr01,5137846
snp2173,chr01,5138085
snp96,chr01,5159669
snp789,chr01,5182690
snp2176,chr01,5219603
snp2177,chr01,5220028
snp2178,chr01,5220616
snp2179,chr01,5352450
snp2180,chr01,5359884
snp2181,chr01,5362654
snp2182,chr01,5380527
snp2183,chr01,5380529
snp2184,chr01,5380796
snp2185,chr01,5381745
snp2186,chr01,5389304
snp2187,chr01,5413601
snp2188,chr01,5421069
snp2189,chr01,5435191
snp2190,chr01,5448034
snp2191,chr01,5454660
snp2192,chr01,5473277
snp2193,chr01,5478236
snp2194,chr01,5522294
snp2195,chr01,5522295
snp2196,chr01,5522296
snp2197,chr01,5550913
snp2198,chr01,5550914
snp2199,chr01,5551274
snp2200,chr01,5559259
snp2201,chr01,5564838
snp2202,chr01,5651845
snp2203,chr01,5660649
snp2204,chr01,5669025
snp2205,chr01,5669850
snp2206,chr01,5761220
snp2207,chr01,5793496
snp2208,chr01,5794123
snp2209,chr01,5807521
snp2210,chr01,5816933
snp2211,chr01,5827834
snp2212,chr01,5831659
snp2213,chr01,5847197
snp2214,chr01,5880259
snp2215,chr01,5894504
snp2216,chr01,5896004
snp2217,chr01,5925808
snp2218,chr01,5927770
snp2219,chr01,5945353
snp2220,chr01,5952956
snp2221,chr01,5953065
snp2222,chr01,5954252
snp2223,chr01,5955221
snp2224,chr01,5955223
snp2225,chr01,5955224
snp2226,chr01,5961137
snp2227,chr01,6005369
snp2228,chr01,6011891
snp2229,chr01,6034475
snp2230,chr01,6036816
snp2231,chr01,6080226
snp2232,chr01,6097316
snp2233,chr01,6149762
snp2234,chr01,6153349
snp2235,chr01,6176346
snp2236,chr01,6176347
snp112,chr01,6184456
snp2238,chr01,6201076
snp2239,chr01,6222179
snp2240,chr01,6305222
snp2241,chr01,6320985
snp2242,chr01,6324225
snp2243,chr01,6370406
snp2244,chr01,6386600
snp2245,chr01,6386603
snp2246,chr01,6430358
snp842,chr01,6435216
snp843,chr01,6435217
snp114,chr01,6435218
snp2250,chr01,6452699
snp2251,chr01,6484212
snp2252,chr01,6487427
snp2253,chr01,6491789
snp2254,chr01,6492631
snp2255,chr01,6506274
snp2256,chr01,6506834
snp2257,chr01,6555540
snp2258,chr01,6555695
snp2259,chr01,6560453
snp2260,chr01,6593198
snp2261,chr01,6594532
snp2262,chr01,6632844
snp2263,chr01,6660440
snp2264,chr01,6660441
snp2265,chr01,6660442
snp2266,chr01,6670643
snp2267,chr01,6683576
snp2268,chr01,6731938
snp2269,chr01,6764090
snp2270,chr01,6781491
snp2271,chr01,6870511
snp125,chr01,6883143
snp2273,chr01,6947221
snp2274,chr01,7039351
snp2275,chr01,7048403
snp2276,chr01,7057310
snp2277,chr01,7067505
snp2278,chr01,7072515
snp127,chr01,7076888
snp2280,chr01,7081617
snp2281,chr01,7084390
snp2282,chr01,7084394
snp2283,chr01,7095091
snp2284,chr01,7108563
snp2285,chr01,7118325
snp2286,chr01,7159198
snp132,chr01,7193210
snp2288,chr01,7217377
snp2289,chr01,7221115
snp2290,chr01,7287740
snp137,chr01,7290317
snp2292,chr01,7303216
snp2293,chr01,7310282
snp2294,chr01,7350636
snp2295,chr01,7350640
snp139,chr01,7359296
snp140,chr01,7385427
snp141,chr01,7387244
snp2299,chr01,7403439
snp2300,chr01,7423827
snp2301,chr01,7435321
snp146,chr01,7661384
snp147,chr01,7663466
snp2304,chr01,7674469
snp2305,chr01,7674470
snp2306,chr01,7682347
snp2307,chr01,7704380
snp2308,chr01,7706529
snp2309,chr01,7790883
snp2310,chr01,7795392
snp2311,chr02,21359
snp2312,chr02,210485
snp2313,chr02,217897
snp2314,chr02,461537
snp2315,chr02,470153
snp2316,chr02,558255
snp2317,chr02,736890
snp2318,chr02,747496
snp2319,chr02,764269
snp2320,chr02,765682
snp2321,chr02,792677
snp2322,chr02,817039
snp2323,chr02,831789
snp2324,chr02,920290
snp2325,chr02,973738
snp2326,chr02,973759
snp2327,chr02,1001675
snp2328,chr02,1018044
snp2329,chr02,1073237
snp2330,chr02,1102948
snp2331,chr02,1113039
snp2332,chr02,1130375
snp2333,chr02,1146476
snp164,chr02,1242180
snp2335,chr02,1242620
snp2336,chr02,1242722
snp2337,chr02,1249891
snp2338,chr02,1249999
snp2339,chr02,1258981
snp2340,chr02,1268705
snp2341,chr02,1274645
snp2342,chr02,1275013
snp2343,chr02,1330336
snp2344,chr02,1340247
snp2345,chr02,1340315
snp2346,chr02,1349217
snp2347,chr02,1446284
snp2348,chr02,1448479
snp2349,chr02,1455151
snp2350,chr02,1488087
snp2351,chr02,1488090
snp2352,chr02,1498535
snp2353,chr02,1502106
snp2354,chr02,1504910
snp2355,chr02,1506806
snp943,chr02,1528427
snp2357,chr02,1533179
snp2358,chr02,1547403
snp2359,chr02,1548572
snp2360,chr02,1609919
snp2361,chr02,1611284
snp169,chr02,1623029
snp170,chr02,1623030
snp171,chr02,1623032
snp2365,chr02,1630623
snp2366,chr02,1645941
snp2367,chr02,1648268
snp2368,chr02,1665749
snp174,chr02,1744219
snp2370,chr02,1745133
snp2371,chr02,1793537
snp2372,chr02,1794525
snp2373,chr02,1830582
snp2374,chr02,1840512
snp2375,chr02,1844434
snp2376,chr02,1877535
snp2377,chr02,1889085
snp2378,chr02,1895529
snp2379,chr02,1907930
snp2380,chr02,1910698
snp2381,chr02,1911730
snp2382,chr02,1923735
snp2383,chr02,1940327
snp2384,chr02,1940631
snp2385,chr02,1949803
snp2386,chr02,2006033
snp2387,chr02,2033727
snp2388,chr02,2064908
snp2389,chr02,2077675
snp2390,chr02,2160329
snp2391,chr02,2173313
snp2392,chr02,2178386
snp2393,chr02,2180407
snp2394,chr02,2228378
snp2395,chr02,2263630
snp2396,chr02,2268717
snp188,chr02,2283738
snp189,chr02,2283739
snp2399,chr02,2286587
snp2400,chr02,2296982
snp2401,chr02,2296991
snp2402,chr02,2308102
snp190,chr02,2314577
snp2404,chr02,2333262
snp191,chr02,2351096
snp2406,chr02,2367317
snp2407,chr02,2395273
snp2408,chr02,2415513
snp2409,chr02,2453531
snp2410,chr02,2473970
snp2411,chr02,2620132
snp2412,chr02,2620134
snp2413,chr02,2620135
snp2414,chr02,2621124
snp2415,chr02,2631488
snp2416,chr02,2673455
snp2417,chr02,2681025
snp2418,chr02,2691858
snp2419,chr02,2737040
snp2420,chr02,2811364
snp2421,chr02,2814028
snp2422,chr02,2815945
snp2423,chr02,2815947
snp2424,chr02,2846658
snp2425,chr02,2853882
snp2426,chr02,2853884
snp2427,chr02,2878776
snp2428,chr02,2890744
snp2429,chr02,2959866
snp2430,chr02,2960255
snp2431,chr02,2969657
snp198,chr02,2975955
snp2433,chr02,3039780
snp2434,chr02,3043200
snp2435,chr02,3043204
snp2436,chr02,3043206
snp201,chr02,3086660
snp2438,chr02,3107603
snp2439,chr02,3108844
snp2440,chr02,3112170
snp2441,chr02,3151157
snp2442,chr02,3161043
snp2443,chr02,3193366
snp2444,chr02,3196166
snp2445,chr02,3251783
snp2446,chr02,3256696
snp2447,chr02,3261141
snp2448,chr02,3298106
snp2449,chr02,3386301
snp2450,chr02,3386370
snp2451,chr02,3386435
snp2452,chr02,3387884
snp2453,chr02,3410349
snp2454,chr02,3414611
snp2455,chr02,3431367
snp2456,chr02,3432690
snp2457,chr02,3454769
snp2458,chr02,3455069
snp2459,chr02,3455071
snp2460,chr02,3456433
snp2461,chr02,3464701
snp2462,chr02,3519602
snp2463,chr02,3522505
snp2464,chr02,3522508
snp2465,chr02,3560563
snp217,chr02,3563206
snp2467,chr02,3573881
snp2468,chr02,3656524
snp2469,chr02,3665137
snp2470,chr02,3665339
snp2471,chr02,3727056
snp2472,chr02,3747906
snp2473,chr02,3774896
snp2474,chr02,3774906
snp2475,chr02,3778814
snp2476,chr02,3778835
snp2477,chr02,3784981
snp2478,chr02,3839924
snp2479,chr02,3874003
snp2480,chr02,3894516
snp2481,chr02,3902114
snp2482,chr02,3914288
snp2483,chr02,3915106
snp2484,chr02,3917339
snp2485,chr02,4152764
snp2486,chr02,4152766
snp2487,chr02,4185108
snp2488,chr02,4207132
snp2489,chr02,4224298
snp2490,chr02,4230536
snp2491,chr02,4272182
snp2492,chr02,4272183
snp2493,chr02,4272184
snp2494,chr02,4275096
snp1063,chr02,4301933
snp2496,chr02,4323448
snp2497,chr02,4386283
snp2498,chr02,4391074
snp2499,chr02,4391235
snp229,chr02,4417396
snp2501,chr02,4424414
snp2502,chr02,4439558
snp2503,chr02,4457944
snp2504,chr02,4459235
snp2505,chr02,4459934
snp2506,chr02,4461781
snp2507,chr02,4462662
snp2508,chr02,4525866
snp2509,chr02,4527919
snp2510,chr02,4533382
snp2511,chr02,4537041
snp2512,chr02,4537750
snp2513,chr02,4590054
snp2514,chr02,4596980
snp2515,chr02,4622064
snp2516,chr02,4628711
snp2517,chr02,4637074
snp2518,chr02,4650113
snp2519,chr02,4650121
snp2520,chr02,4653184
snp2521,chr02,4675464
snp2522,chr02,4707626
snp2523,chr02,4708129
snp2524,chr02,4762215
snp2525,chr02,4769419
snp2526,chr02,4853358
snp2527,chr02,4857179
snp2528,chr02,4889718
snp2529,chr02,4898876
snp2530,chr02,4935855
snp2531,chr02,4968474
snp2532,chr02,5048634
snp2533,chr02,5048662
snp2534,chr02,5048680
snp243,chr02,5048716
snp244,chr02,5048758
snp245,chr02,5048842
snp246,chr02,5048863
snp247,chr02,5048872
snp2540,chr02,5049008
snp2541,chr02,5050404
snp2542,chr02,5054548
snp2543,chr02,5110835
snp2544,chr02,5111148
snp2545,chr02,5212753
snp2546,chr02,5238660
snp2547,chr02,5273699
snp2548,chr02,5278289
snp2549,chr02,5297036
snp2550,chr02,5331301
snp2551,chr02,5334383
snp2552,chr02,5400675
snp2553,chr02,5452574
snp2554,chr02,5452576
snp2555,chr02,5452577
snp2556,chr02,5510036
snp2557,chr02,5525317
snp2558,chr02,5529817
snp254,chr02,5542366
snp2560,chr02,5555678
snp2561,chr02,5560484
snp2562,chr02,5584341
snp2563,chr02,5711841
snp2564,chr02,5712688
snp2565,chr02,5770583
snp2566,chr02,5799390
snp2567,chr02,5825860
snp2568,chr02,5829951
snp2569,chr02,5835002
snp2570,chr02,5836211
snp2571,chr02,5872925
snp2572,chr02,5942311
snp2573,chr02,5942821
snp2574,chr02,5948895
snp2575,chr02,5956581
snp2576,chr02,6040284
snp2577,chr02,6041319
snp2578,chr02,6116266
snp2579,chr02,6116269
snp2580,chr02,6141901
snp2581,chr02,6160455
snp264,chr02,6169202
snp2583,chr02,6170542
snp2584,chr02,6176312
snp2585,chr02,6183658
snp2586,chr02,6206778
snp2587,chr02,6261142
snp1144,chr02,6322418
snp2589,chr02,6327437
snp2590,chr02,6331025
snp2591,chr02,6358376
snp2592,chr02,6360530
snp265,chr02,6371772
snp266,chr02,6372156
snp267,chr02,6372159
snp2596,chr02,6397657
snp2597,chr02,6404536
snp268,chr02,6405234
snp2599,chr02,6405463
snp2600,chr02,6405741
snp2601,chr02,6406946
snp2602,chr02,6406957
snp2603,chr02,6435162
snp2604,chr02,6446426
snp2605,chr02,6474617
snp2606,chr02,6484316
snp271,chr02,6489089
snp272,chr02,6489096
snp2609,chr02,6584553
snp2610,chr02,6663074
snp2611,chr02,6664279
snp2612,chr02,6699121
snp2613,chr02,6734847
snp275,chr02,6745180
snp276,chr02,6745185
snp2616,chr02,6750398
snp2617,chr02,6753578
snp2618,chr02,6753587
snp277,chr02,6758143
snp278,chr02,6758151
snp279,chr02,6758153
snp2622,chr02,6760677
snp2623,chr02,6761769
snp2624,chr02,6782365
snp2625,chr02,6790806
snp2626,chr02,6791718
snp281,chr02,6799150
snp282,chr02,6799165
snp2629,chr02,6803618
snp2630,chr02,6804877
snp284,chr02,6824331
snp2632,chr02,6866169
snp2633,chr02,6866171
snp2634,chr02,6878771
snp2635,chr02,6878772
snp2636,chr02,6898544
snp287,chr02,6931896
snp2638,chr02,6960026
snp2639,chr02,6960031
snp2640,chr02,7080840
snp2641,chr02,7091302
snp2642,chr02,7092136
snp2643,chr02,7118627
snp2644,chr02,7252946
snp2645,chr02,7275614
snp2646,chr02,7302304
snp2647,chr02,7336235
snp2648,chr02,7371933
snp294,chr02,7372101
snp2650,chr02,7373642
snp2651,chr02,7373643
snp2652,chr02,7379823
snp2653,chr02,7381683
snp2654,chr02,7398460
snp2655,chr02,7401843
snp2656,chr02,7441590
snp2657,chr02,7457990
snp2658,chr02,7585002
snp2659,chr02,7585003
snp2660,chr02,7590355
snp2661,chr02,7590358
snp2662,chr02,7590584
snp2663,chr02,7590585
snp2664,chr02,7590589
snp2665,chr02,7594435
snp2666,chr02,7594438
snp2667,chr03,660
snp2668,chr03,28380
snp2669,chr03,32638
snp2670,chr03,67175
snp2671,chr03,77068
snp2672,chr03,83269
snp2673,chr03,91877
snp2674,chr03,92509
snp2675,chr03,99806
snp2676,chr03,102058
snp2677,chr03,111434
snp2678,chr03,169375
snp2679,chr03,182547
snp2680,chr03,191566
snp2681,chr03,202985
snp2682,chr03,218325
snp2683,chr03,220077
snp2684,chr03,226891
snp2685,chr03,261732
snp2686,chr03,263615
snp2687,chr03,288214
snp2688,chr03,306276
snp2689,chr03,319293
snp2690,chr03,327858
snp2691,chr03,334548
snp2692,chr03,364704
snp2693,chr03,371980
snp303,chr03,376376
snp2695,chr03,392125
snp2696,chr03,412457
snp2697,chr03,475403
snp2698,chr03,483006
snp2699,chr03,565506
snp2700,chr03,636960
snp2701,chr03,736887
snp2702,chr03,892837
snp2703,chr03,892839
snp2704,chr03,892842
snp2705,chr03,899067
snp2706,chr03,906524
snp2707,chr03,910347
snp2708,chr03,926956
snp2709,chr03,956913
snp2710,chr03,978182
snp2711,chr03,1020624
snp2712,chr03,1022903
snp2713,chr03,1038294
snp2714,chr03,1038842
snp2715,chr03,1046328
snp2716,chr03,1054386
snp2717,chr03,1061255
snp2718,chr03,1076152
snp2719,chr03,1093417
snp2720,chr03,1104084
snp318,chr03,1145532
snp2722,chr03,1146149
snp2723,chr03,1181107
snp2724,chr03,1185053
snp2725,chr03,1209392
snp2726,chr03,1211531
snp320,chr03,1235441
snp2728,chr03,1237589
snp2729,chr03,1251152
snp2730,chr03,1269572
snp2731,chr03,1273115
snp2732,chr03,1347630
snp1237,chr03,1349620
snp2734,chr03,1381795
snp2735,chr03,1416781
snp2736,chr03,1430500
snp2737,chr03,1469121
snp2738,chr03,1478005
snp2739,chr03,1483183
snp322,chr03,1502333
snp2741,chr03,1531004
snp2742,chr03,1586606
snp2743,chr03,1608148
snp2744,chr03,1628007
snp2745,chr03,1629149
snp2746,chr03,1632850
snp2747,chr03,1649000
snp2748,chr03,1661290
snp2749,chr03,1699037
snp2750,chr03,1794739
snp2751,chr03,1794740
snp2752,chr03,1852524
snp2753,chr03,1934624
snp2754,chr03,1949935
snp2755,chr03,1959296
snp2756,chr03,1979729
snp2757,chr03,1988622
snp2758,chr03,2008468
snp2759,chr03,2023432
snp329,chr03,2037542
snp2761,chr03,2040963
snp2762,chr03,2042554
snp2763,chr03,2055469
snp2764,chr03,2082390
snp2765,chr03,2104285
snp2766,chr03,2104650
snp2767,chr03,2116318
snp2768,chr03,2138254
snp2769,chr03,2176484
snp2770,chr03,2176488
snp2771,chr03,2184090
snp2772,chr03,2192307
snp2773,chr03,2195519
snp2774,chr03,2200240
snp2775,chr03,2229840
snp2776,chr03,2241317
snp2777,chr03,2260375
snp2778,chr03,2260376
snp2779,chr03,2266724
snp335,chr03,2270457
snp336,chr03,2270523
snp337,chr03,2270533
snp338,chr03,2270550
snp2784,chr03,2291513
snp2785,chr03,2291653
snp2786,chr03,2323182
snp2787,chr03,2324386
snp2788,chr03,2341722
snp2789,chr03,2352323
snp339,chr03,2389341
snp1283,chr03,2389342
snp2792,chr03,2548801
snp2793,chr03,2548809
snp2794,chr03,2689474
snp2795,chr03,2697836
snp2796,chr03,2709127
snp2797,chr03,2716280
snp2798,chr03,2716349
snp2799,chr03,2716351
snp2800,chr03,2716690
snp2801,chr03,2730128
snp2802,chr03,2730203
snp2803,chr03,2735331
snp2804,chr03,2755544
snp2805,chr03,2787521
snp2806,chr03,2836084
snp2807,chr03,2847633
snp2808,chr03,2850595
snp2809,chr03,2882577
snp2810,chr03,2917155
snp2811,chr03,2917613
snp2812,chr03,2919622
snp2813,chr03,2974173
snp2814,chr03,2978949
snp2815,chr03,3019977
snp2816,chr03,3027471
snp2817,chr03,3031659
snp2818,chr03,3033898
snp2819,chr03,3036861
snp2820,chr03,3053954
snp2821,chr03,3058298
snp2822,chr03,3061201
snp2823,chr03,3061204
snp2824,chr03,3073766
snp2825,chr03,3092164
snp2826,chr03,3101238
snp2827,chr03,3101240
snp1308,chr03,3112971
snp2829,chr03,3116909
snp2830,chr03,3144868
snp2831,chr03,3183565
snp2832,chr03,3186326
snp2833,chr03,3190599
snp2834,chr03,3202775
snp2835,chr03,3235465
snp2836,chr03,3235466
snp2837,chr03,3235467
snp2838,chr03,3241772
snp2839,chr03,3241818
snp2840,chr03,3255346
snp2841,chr03,3255353
snp2842,chr03,3290907
snp2843,chr03,3290945
snp2844,chr03,3317334
snp2845,chr03,3343097
snp357,chr03,3369104
snp2847,chr03,3374182
snp2848,chr03,3375366
snp2849,chr03,3382219
snp2850,chr03,3425171
snp2851,chr03,3438056
snp2852,chr03,3438063
snp363,chr03,3438064
snp2854,chr03,3444808
snp2855,chr03,3485818
snp2856,chr03,3487308
snp2857,chr03,3490153
snp364,chr03,3491224
snp365,chr03,3517240
snp2860,chr03,3522798
snp2861,chr03,3568952
snp2862,chr03,3578917
snp366,chr03,3600131
snp367,chr03,3600326
snp2865,chr03,3627243
snp2866,chr03,3658156
snp2867,chr03,3675511
snp2868,chr03,3681706
snp2869,chr03,3682956
snp2870,chr03,3693418
snp2871,chr03,3720628
snp2872,chr03,3720631
snp2873,chr03,3721325
snp2874,chr03,3740072
snp2875,chr03,3740073
snp2876,chr03,3768390
snp2877,chr03,3846925
snp2878,chr03,3871693
snp2879,chr03,3884672
snp2880,chr03,3909078
snp2881,chr03,3935026
snp2882,chr03,3952940
snp2883,chr03,4000415
snp2884,chr03,4020303
snp2885,chr03,4050886
snp375,chr03,4061122
snp2887,chr03,4061128
snp2888,chr03,4064995
snp2889,chr03,4074565
snp2890,chr03,4112120
snp2891,chr03,4128345
snp2892,chr03,4144890
snp2893,chr03,4144893
snp2894,chr03,4147327
snp2895,chr03,4180917
snp2896,chr03,4191566
snp2897,chr03,4200526
snp2898,chr03,4278802
snp2899,chr03,4279798
snp2900,chr03,4306114
snp2901,chr03,4330124
snp2902,chr03,4332823
snp2903,chr03,4340669
snp2904,chr03,4383321
snp2905,chr03,4416845
snp2906,chr03,4416846
snp2907,chr03,4432650
snp2908,chr03,4521525
snp2909,chr03,4521526
snp2910,chr03,4521528
snp2911,chr03,4534566
snp2912,chr03,4535237
snp2913,chr03,4537860
snp2914,chr03,4565484
snp2915,chr03,4570194
snp384,chr03,4578892
snp2917,chr03,4579212
snp2918,chr03,4590820
snp2919,chr03,4613031
snp2920,chr03,4624682
snp2921,chr03,4638617
snp2922,chr03,4700737
snp2923,chr03,4729087
snp2924,chr03,4735618
snp2925,chr03,4745164
snp2926,chr03,4778017
snp2927,chr03,4835653
snp2928,chr03,4836779
snp393,chr03,4839264
snp2930,chr03,4862903
snp2931,chr03,4878413
snp2932,chr03,4894479
snp2933,chr03,4899449
snp2934,chr03,4940276
snp2935,chr03,4953016
snp2936,chr03,4954547
snp2937,chr03,4967839
snp2938,chr03,4975355
snp2939,chr03,5004293
snp2940,chr03,5006409
snp2941,chr03,5008590
snp2942,chr03,5009964
snp2943,chr03,5009971
snp2944,chr03,5009973
snp2945,chr03,5009974
snp2946,chr03,5023241
snp2947,chr03,5028459
snp2948,chr03,5058421
snp2949,chr03,5059083
snp2950,chr03,5081052
snp2951,chr03,5093347
snp2952,chr03,5095040
snp2953,chr03,5103352
snp2954,chr03,5104429
snp2955,chr03,5104431
snp2956,chr03,5104432
snp2957,chr03,5162799
snp2958,chr03,5162801
snp2959,chr03,5193358
snp2960,chr03,5213449
snp2961,chr03,5218619
snp2962,chr03,5375515
snp2963,chr03,5430337
snp2964,chr03,5430338
snp2965,chr03,5457950
snp2966,chr03,5457954
snp2967,chr03,5462249
snp2968,chr03,5468235
snp2969,chr03,5478284
snp2970,chr03,5521283
snp2971,chr03,5522991
snp2972,chr03,5735790
snp2973,chr03,5741576
snp2974,chr03,5746374
snp405,chr03,5789173
snp2976,chr03,5823128
snp406,chr03,5828132
snp2978,chr03,5838670
snp1425,chr03,5852894
snp1426,chr03,5852895
snp1427,chr03,5852896
snp2982,chr03,5893797
snp2983,chr03,6078515
snp2984,chr03,6109268
snp2985,chr03,6165868
snp2986,chr03,6173645
snp2987,chr04,103489
snp2988,chr04,120149
snp2989,chr04,131644
snp409,chr04,142415
snp2991,chr04,180994
snp2992,chr04,210755
snp2993,chr04,210764
snp2994,chr04,277417
snp2995,chr04,470299
snp2996,chr04,473662
snp2997,chr04,484029
snp2998,chr04,674169
snp2999,chr04,687590
snp1459,chr04,688051
snp3001,chr04,702498
snp3002,chr04,710339
snp3003,chr04,721803
snp414,chr04,750414
snp3005,chr04,754608
snp3006,chr04,774843
snp3007,chr04,882259
snp3008,chr04,884457
snp3009,chr04,898174
snp3010,chr04,900681
snp416,chr04,902495
snp3012,chr04,909273
snp3013,chr04,926448
snp3014,chr04,934288
snp3015,chr04,946457
snp3016,chr04,946459
snp3017,chr04,949446
snp3018,chr04,998928
snp3019,chr04,1008823
snp3020,chr04,1044459
snp3021,chr04,1052033
snp3022,chr04,1070185
snp3023,chr04,1084688
snp3024,chr04,1134625
snp3025,chr04,1135615
snp3026,chr04,1181959
snp3027,chr04,1181974
snp3028,chr04,1254649
snp3029,chr04,1254653
snp3030,chr04,1284252
snp3031,chr04,1334747
snp3032,chr04,1352700
snp3033,chr04,1426590
snp3034,chr04,1500706
snp3035,chr04,1515352
snp3036,chr04,1515353
snp3037,chr04,1515355
snp3038,chr04,1516414
snp3039,chr04,1516951
snp425,chr04,1527039
snp3041,chr04,1551296
snp3042,chr04,1551297
snp3043,chr04,1565350
snp3044,chr04,1592112
snp3045,chr04,1592431
snp3046,chr04,1615236
snp3047,chr04,1768352
snp3048,chr04,1777128
snp3049,chr04,1777139
snp3050,chr04,1777516
snp3051,chr04,1777596
snp3052,chr04,1801388
snp3053,chr04,1859009
snp3054,chr04,1859010
snp3055,chr04,1885550
snp3056,chr04,1885553
snp3057,chr04,1891565
snp3058,chr04,1899497
snp3059,chr04,1916543
snp3060,chr04,1918826
snp3061,chr04,1964210
snp3062,chr04,2007178
snp431,chr04,2013715
snp3064,chr04,2033886
snp3065,chr04,2050340
snp3066,chr04,2070359
snp3067,chr04,2098152
snp3068,chr04,2107986
snp3069,chr04,2116284
snp3070,chr04,2140548
snp434,chr04,2172527
snp3072,chr04,2180611
snp3073,chr04,2201859
snp3074,chr04,2208720
snp3075,chr04,2279867
snp3076,chr04,2287484
snp3077,chr04,2354666
snp3078,chr04,2354669
snp3079,chr04,2389901
snp3080,chr04,2390506
snp3081,chr04,2391584
snp437,chr04,2392444
snp1532,chr04,2394115
snp1533,chr04,2394125
snp1534,chr04,2394158
snp3086,chr04,2394272
snp3087,chr04,2394402
snp3088,chr04,2394412
snp3089,chr04,2395412
snp3090,chr04,2395502
snp3091,chr04,2411995
snp3092,chr04,2415760
snp3093,chr04,2440538
snp443,chr04,2457126
snp444,chr04,2462074
snp3096,chr04,2462681
snp3097,chr04,2549385
snp3098,chr04,2558087
snp3099,chr04,2579260
snp3100,chr04,2585575
snp3101,chr04,2600801
snp3102,chr04,2605712
snp3103,chr04,2694573
snp3104,chr04,2700603
snp3105,chr04,2753888
snp3106,chr04,2753889
snp452,chr04,2765083
snp3108,chr04,2775673
snp3109,chr04,2775674
snp3110,chr04,2775675
snp3111,chr04,2782244
snp3112,chr04,2783916
snp3113,chr04,2824779
snp3114,chr04,2845223
snp3115,chr04,2845225
snp3116,chr04,2915191
snp3117,chr04,2915194
snp3118,chr04,2923987
snp3119,chr04,2924000
snp3120,chr04,2952565
snp3121,chr04,2973357
snp3122,chr04,2980667
snp456,chr04,2999113
snp3124,chr04,3123803
snp3125,chr04,3124860
snp3126,chr05,334783
snp3127,chr05,335955
snp3128,chr05,370098
snp3129,chr05,464733
snp3130,chr05,479854
snp3131,chr05,609903
snp3132,chr05,620818
snp3133,chr05,653631
snp3134,chr05,692250
snp3135,chr05,692274
snp3136,chr05,692287
snp3137,chr05,694239
snp3138,chr05,700993
snp3139,chr05,716028
snp3140,chr05,716031
snp3141,chr05,720660
snp3142,chr05,720663
snp3143,chr05,733371
snp3144,chr05,746762
snp3145,chr05,983247
snp3146,chr05,983249
snp1587,chr05,983252
snp3148,chr05,988361
snp3149,chr05,995213
snp3150,chr05,1019910
snp3151,chr05,1028462
snp3152,chr05,1069307
snp1593,chr05,1091557
snp3154,chr05,1156259
snp472,chr05,1159580
snp3156,chr05,1160720
snp3157,chr05,1179302
snp3158,chr05,1190621
snp3159,chr05,1206954
snp3160,chr05,1230423
snp3161,chr05,1387309
snp3162,chr05,1488801
snp3163,chr05,1490841
snp3164,chr05,1498350
snp3165,chr05,1507874
snp3166,chr05,1536545
snp3167,chr05,1536745
snp3168,chr05,1547034
snp3169,chr05,1552658
snp3170,chr05,1570935
snp3171,chr05,1572957
snp3172,chr05,1575411
snp3173,chr05,1575412
snp3174,chr05,1575413
snp3175,chr05,1575415
snp3176,chr05,1588453
snp3177,chr05,1588456
snp3178,chr05,1598223
snp3179,chr05,1638840
snp3180,chr05,1644131
snp3181,chr05,1657671
snp3182,chr05,1669198
snp3183,chr05,1681466
snp3184,chr05,1707627
snp3185,chr05,1713979
snp3186,chr05,1722803
snp3187,chr05,1761335
snp3188,chr05,1764632
snp3189,chr05,1810625
snp3190,chr05,1829884
snp3191,chr05,1871498
snp3192,chr05,1872182
snp3193,chr05,1872184
snp3194,chr05,2030732
snp3195,chr05,2086638
snp3196,chr05,2087543
snp3197,chr05,2092672
snp3198,chr05,2092673
snp3199,chr05,2100149
snp3200,chr05,2100152
snp3201,chr05,2144198
snp3202,chr05,2162882
snp3203,chr05,2162884
snp3204,chr05,2227535
snp3205,chr05,2237833
snp3206,chr05,2254073
snp3207,chr05,2371681
snp3208,chr05,2388380
snp3209,chr05,2396371
snp3210,chr05,2406253
snp3211,chr05,2627030
snp487,chr05,2631979
snp492,chr05,2705166
snp3214,chr05,2714331
snp3215,chr05,2750271
snp3216,chr05,2750880
snp3217,chr05,2756681
snp3218,chr05,2759299
snp3219,chr05,2767281
snp3220,chr05,2792744
snp3221,chr05,2794045
snp3222,chr05,2798807
snp3223,chr05,2814399
snp3224,chr05,2821203
snp3225,chr05,2834108
snp3226,chr05,2853081
snp3227,chr05,2858765
snp3228,chr05,2900509
snp3229,chr05,2903125
snp3230,chr05,2986641
snp3231,chr05,2987811
snp3232,chr05,2995700
snp3233,chr05,2999593
snp3234,chr05,3018004
snp3235,chr05,3076082
snp3236,chr05,3080115
snp3237,chr05,3080118
snp3238,chr05,3088995
snp3239,chr05,3088996
snp3240,chr05,3089009
snp3241,chr05,3146193
snp3242,chr05,3188633
snp3243,chr05,3210363
snp3244,chr05,3235838
snp3245,chr05,3268274
snp504,chr05,3354493
snp3247,chr05,3355084
snp3248,chr06,35156
snp3249,chr06,62652
snp3250,chr06,82534
snp3251,chr06,88907
snp3252,chr06,100075
snp3253,chr06,181946
snp506,chr06,223771
snp3255,chr06,231266
snp3256,chr06,232870
snp3257,chr06,242506
snp3258,chr06,252564
snp3259,chr06,252579
snp3260,chr06,260114
snp3261,chr06,264334
snp3262,chr06,268643
snp3263,chr06,281412
snp3264,chr06,302740
snp507,chr06,347413
snp3266,chr06,399592
snp3267,chr06,438900
snp3268,chr06,438920
snp3269,chr06,471927
snp3270,chr06,476337
snp3271,chr06,484844
snp3272,chr06,501390
snp3273,chr06,507366
snp3274,chr06,512335
snp3275,chr06,512389
snp3276,chr06,535099
snp3277,chr06,537031
snp3278,chr06,564687
snp3279,chr06,569747
snp3280,chr06,569749
snp3281,chr06,569751
snp3282,chr06,581835
snp3283,chr06,645222
snp1695,chr06,662398
snp3285,chr06,669710
snp3286,chr06,670069
snp3287,chr06,689167
snp3288,chr06,704397
snp3289,chr06,749604
snp3290,chr06,764643
snp3291,chr06,850512
snp3292,chr06,858630
snp3293,chr06,858631
snp3294,chr06,867603
snp3295,chr06,897761
snp3296,chr06,899357
snp3297,chr06,935392
snp3298,chr06,949901
snp510,chr06,962436
snp3300,chr06,968396
snp3301,chr06,968398
snp3302,chr06,1002803
snp3303,chr06,1003692
snp3304,chr06,1041487
snp3305,chr06,1049523
snp3306,chr06,1050498
snp3307,chr06,1056389
snp3308,chr06,1057922
snp3309,chr06,1069545
snp3310,chr06,1091030
snp3311,chr06,1093226
snp3312,chr06,1109361
snp3313,chr06,1110069
snp3314,chr06,1192748
snp3315,chr06,1246845
snp3316,chr06,1247244
snp3317,chr06,1267002
snp3318,chr06,1276760
snp3319,chr06,1296511
snp3320,chr06,1300604
snp3321,chr06,1320612
snp3322,chr06,1358513
snp3323,chr06,1377299
snp3324,chr06,1404113
snp3325,chr06,1404114
snp3326,chr06,1473002
snp3327,chr06,1496839
snp3328,chr06,1577854
snp3329,chr06,1585987
snp3330,chr06,1624739
snp3331,chr06,1631901
snp3332,chr06,1720709
snp3333,chr06,1746225
snp3334,chr06,1746298
snp3335,chr06,1750765
snp3336,chr06,1764577
snp3337,chr06,1812946
snp3338,chr06,1818283
snp3339,chr06,1825940
snp3340,chr06,1860212
snp3341,chr06,1866926
snp3342,chr06,1866927
snp3343,chr06,1866928
snp3344,chr06,1955210
snp3345,chr06,1957368
snp3346,chr06,1957891
snp3347,chr06,1982968
snp529,chr06,2080848
snp3349,chr06,2082919
snp3350,chr06,2111860
snp3351,chr06,2128135
snp3352,chr06,2128137
snp3353,chr06,2128138
snp3354,chr06,2142605
snp3355,chr06,2142606
snp3356,chr06,2142607
snp3357,chr06,2153861
snp3358,chr06,2164953
snp3359,chr06,2194963
snp3360,chr06,2196654
snp3361,chr06,2202397
snp3362,chr06,2208362
snp3363,chr06,2214983
snp3364,chr06,2218057
snp3365,chr06,2226636
snp3366,chr06,2228156
snp3367,chr06,2248023
snp3368,chr06,2274384
snp3369,chr06,2274385
snp3370,chr06,2292809
snp3371,chr06,2308673
snp3372,chr06,2316675
snp3373,chr06,2337514
snp3374,chr06,2390214
snp3375,chr06,2407975
snp3376,chr06,2410146
snp3377,chr06,2493505
snp3378,chr06,2512581
snp3379,chr06,2516706
snp3380,chr06,2517821
snp3381,chr06,2518564
snp3382,chr06,2545890
snp3383,chr06,2547723
snp3384,chr06,2564715
snp3385,chr06,2580916
snp3386,chr06,2615768
snp537,chr06,2674045
snp3388,chr06,2679165
snp3389,chr06,2758551
snp3390,chr06,2758552
snp3391,chr06,2843404
snp3392,chr06,2850986
snp3393,chr06,2851798
snp3394,chr06,2858298
snp3395,chr06,2863097
snp3396,chr06,3108514
snp3397,chr06,3111448
snp3398,chr06,3130838
snp3399,chr06,3140024
snp3400,chr06,3159098
snp3401,chr06,3175574
snp3402,chr06,3176586
snp3403,chr06,3176587
snp3404,chr06,3176588
snp3405,chr06,3193479
snp540,chr06,3215747
snp3407,chr06,3248715
snp3408,chr06,3278891
snp3409,chr06,3293197
snp3410,chr06,3293761
snp3411,chr06,3299901
snp3412,chr06,3311317
snp3413,chr06,3335977
snp1789,chr06,3415523
snp3415,chr06,3415526
snp3416,chr07,47225
snp3417,chr07,58093
snp3418,chr07,70824
snp3419,chr07,88913
snp3420,chr07,186129
snp3421,chr07,186226
snp3422,chr07,188794
snp3423,chr07,250342
snp3424,chr07,273869
snp3425,chr07,280590
snp3426,chr07,283056
snp3427,chr07,322014
snp3428,chr07,322015
snp3429,chr07,351385
snp3430,chr07,480484
snp3431,chr07,481408
snp3432,chr07,566637
snp3433,chr07,635564
snp3434,chr07,678059
snp3435,chr07,689209
snp3436,chr07,742054
snp3437,chr07,742066
snp3438,chr07,742069
snp3439,chr07,749519
snp3440,chr07,764570
snp554,chr07,780822
snp3442,chr07,787341
snp3443,chr07,823265
snp3444,chr07,885031
snp3445,chr07,930395
snp3446,chr07,964941
snp3447,chr07,970738
snp3448,chr07,972477
snp3449,chr07,1028291
snp3450,chr07,1046952
snp3451,chr07,1049603
snp3452,chr07,1049604
snp3453,chr07,1058240
snp3454,chr07,1070198
snp3455,chr07,1081630
snp3456,chr07,1089667
snp3457,chr07,1109616
snp3458,chr07,1121762
snp3459,chr07,1138428
snp3460,chr07,1164204
snp3461,chr07,1173857
snp3462,chr07,1220853
snp3463,chr07,1233363
snp3464,chr07,1258252
snp3465,chr07,1290437
snp3466,chr07,1290754
snp3467,chr07,1290829
snp3468,chr07,1301369
snp3469,chr07,1358227
snp3470,chr07,1361305
snp1855,chr07,1385253
snp3472,chr07,1389922
snp3473,chr07,1414366
snp564,chr07,1446388
snp3475,chr07,1471416
snp3476,chr07,1471495
snp3477,chr07,1477043
snp3478,chr07,1493968
snp3479,chr07,1493982
snp3480,chr07,1499919
snp3481,chr07,1631806
snp3482,chr07,1803974
snp3483,chr07,1806892
snp3484,chr07,1806896
snp3485,chr07,1809600
snp3486,chr07,1825637
snp3487,chr07,1830239
snp3488,chr07,1841955
snp3489,chr07,1842886
snp3490,chr07,1877746
snp3491,chr07,1928445
snp3492,chr07,1930137
snp3493,chr07,1930799
snp3494,chr07,1939746
snp3495,chr07,1979990
snp3496,chr07,2003236
snp3497,chr07,2006831
snp3498,chr07,2006834
snp3499,chr07,2027159
snp3500,chr07,2049993
snp572,chr07,2058464
snp3502,chr07,2067460
snp3503,chr07,2079094
snp3504,chr07,2110169
snp3505,chr07,2110177
snp3506,chr07,2124507
snp3507,chr07,2124509
snp3508,chr07,2124510
snp3509,chr07,2124756
snp3510,chr07,2166932
snp3511,chr07,2170562
snp3512,chr07,2187102
snp3513,chr07,2189721
snp573,chr07,2206273
snp3515,chr07,2246177
snp3516,chr07,2252344
snp3517,chr07,2252346
snp3518,chr07,2252347
snp3519,chr07,2265895
snp3520,chr07,2284354
snp3521,chr07,2284356
snp3522,chr07,2294243
snp3523,chr07,2294245
snp3524,chr07,2294246
snp3525,chr07,2300975
snp3526,chr07,2330043
snp3527,chr07,2444419
snp3528,chr07,2449618
snp3529,chr07,2473679
snp3530,chr07,2488776
snp3531,chr07,2549234
snp3532,chr07,2562585
snp3533,chr07,2588733
snp3534,chr07,2588735
snp3535,chr07,2588736
snp3536,chr07,2594653
snp3537,chr07,2595325
snp3538,chr07,2602267
snp3539,chr07,2613792
snp3540,chr07,2621616
snp3541,chr07,2658613
snp3542,chr07,2677029
snp3543,chr07,2677250
snp3544,chr07,2693865
snp3545,chr07,2755707
snp3546,chr07,2885972
snp3547,chr07,2966127
snp3548,chr07,2983519
snp3549,chr07,3004936
snp3550,chr07,3046844
snp3551,chr07,3046850
snp3552,chr07,3046851
snp3553,chr07,3068527
snp3554,chr07,3082744
snp3555,chr07,3084553
snp3556,chr07,3087295
snp3557,chr07,3094454
snp3558,chr07,3104169
snp3559,chr07,3104173
snp3560,chr08,7534
snp3561,chr08,28252
snp3562,chr08,34442
