snp,chromosome,position
chr01,snp01,73001
chr01,snp02,159604
chr01,snp03,173026
chr01,snp04,324903
chr01,snp05,434662
chr01,snp06,464445
chr01,snp07,464446
chr01,snp08,464448
chr01,snp09,465469
chr01,snp10,469831
chr01,snp11,733025
chr01,snp12,733027
chr01,snp13,786826
chr01,snp14,852776
chr01,snp15,991247
chr01,snp16,1011771
chr01,snp17,1235392
chr01,snp18,1324824
chr01,snp19,1410245
chr01,snp20,1413290
chr01,snp21,1432393
chr01,snp22,1457920
chr01,snp23,1457927
chr01,snp24,1606619
chr01,snp25,1820028
chr01,snp26,1850087
chr01,snp27,2062534
chr01,snp28,2062537
chr01,snp29,2062542
chr01,snp30,2062543
chr01,snp31,2227141
chr01,snp32,2227142
chr01,snp33,2242537
chr01,snp34,2242538
chr01,snp35,2242540
chr01,snp36,2303729
chr01,snp37,2303731
chr01,snp38,2330437
chr01,snp39,2349931
chr01,snp40,2349932
chr01,snp41,2349934
chr01,snp42,2377595
chr01,snp43,2412495
chr01,snp44,2412497
chr01,snp45,2412498
chr01,snp46,2491180
chr01,snp47,2494645
chr01,snp48,2516308
chr01,snp49,2542011
chr01,snp50,2566883
chr01,snp51,2615879
chr01,snp52,2786136
chr01,snp53,2801631
chr01,snp54,2801633
chr01,snp55,2844305
chr01,snp56,2888044
chr01,snp57,2891063
chr01,snp58,3022578
chr01,snp59,3073933
chr01,snp60,3145137
chr01,snp61,3205105
chr01,snp62,3527241
chr01,snp63,3565182
chr01,snp64,3640803
chr01,snp65,3722940
chr01,snp66,3839257
chr01,snp67,3863126
chr01,snp68,3943464
chr01,snp69,4087286
chr01,snp70,4087418
chr01,snp71,4106452
chr01,snp72,4141179
chr01,snp73,4141188
chr01,snp74,4141190
chr01,snp75,4141658
chr01,snp76,4212043
chr01,snp77,4260481
chr01,snp78,4261257
chr01,snp79,4275804
chr01,snp80,4332809
chr01,snp81,4482445
chr01,snp82,4529635
chr01,snp83,4645624
chr01,snp84,4762187
chr01,snp85,4820171
chr01,snp86,4843628
chr01,snp87,4856271
chr01,snp88,4863504
chr01,snp89,4863514
chr01,snp90,4873413
chr01,snp91,4873418
chr01,snp92,4880302
chr01,snp93,4880625
chr01,snp94,4880748
chr01,snp95,5127289
chr01,snp96,5159669
chr01,snp97,5166832
chr01,snp98,5267645
chr01,snp99,5511278
chr01,snp100,5564677
chr01,snp101,5564688
chr01,snp102,5692300
chr01,snp103,5752999
chr01,snp104,5753001
chr01,snp105,5800450
chr01,snp106,5855463
chr01,snp107,5855466
chr01,snp108,5927830
chr01,snp109,5927832
chr01,snp110,5961863
chr01,snp111,6079718
chr01,snp112,6184456
chr01,snp113,6414047
chr01,snp114,6435218
chr01,snp115,6532250
chr01,snp116,6533063
chr01,snp117,6562811
chr01,snp118,6562812
chr01,snp119,6562813
chr01,snp120,6583521
chr01,snp121,6647974
chr01,snp122,6777182
chr01,snp123,6874645
chr01,snp124,6881899
chr01,snp125,6883143
chr01,snp126,6885877
chr01,snp127,7076888
chr01,snp128,7125292
chr01,snp129,7125299
chr01,snp130,7125300
chr01,snp131,7190199
chr01,snp132,7193210
chr01,snp133,7210363
chr01,snp134,7210489
chr01,snp135,7210491
chr01,snp136,7225219
chr01,snp137,7290317
chr01,snp138,7323280
chr01,snp139,7359296
chr01,snp140,7385427
chr01,snp141,7387244
chr01,snp142,7408363
chr01,snp143,7427212
chr01,snp144,7427214
chr01,snp145,7444311
chr01,snp146,7661384
chr01,snp147,7663466
chr01,snp148,7693451
chr01,snp149,7697832
chr01,snp150,7698980
chr01,snp151,7698982
chr01,snp152,7698983
chr01,snp153,7698984
chr01,snp154,7701567
chr01,snp155,7725668
chr02,snp156,217587
chr02,snp157,237533
chr02,snp158,480399
chr02,snp159,763856
chr02,snp160,995688
chr02,snp161,995697
chr02,snp162,1054595
chr02,snp163,1060062
chr02,snp164,1242180
chr02,snp165,1366015
chr02,snp166,1431101
chr02,snp167,1509496
chr02,snp168,1591319
chr02,snp169,1623029
chr02,snp170,1623030
chr02,snp171,1623032
chr02,snp172,1623223
chr02,snp173,1648474
chr02,snp174,1744219
chr02,snp175,1765025
chr02,snp176,1835002
chr02,snp177,1871471
chr02,snp178,1883256
chr02,snp179,1918859
chr02,snp180,1949802
chr02,snp181,1970662
chr02,snp182,1997532
chr02,snp183,1997533
chr02,snp184,2056477
chr02,snp185,2122614
chr02,snp186,2207716
chr02,snp187,2265222
chr02,snp188,2283738
chr02,snp189,2283739
chr02,snp190,2314577
chr02,snp191,2351096
chr02,snp192,2647445
chr02,snp193,2710048
chr02,snp194,2710049
chr02,snp195,2710052
chr02,snp196,2725979
chr02,snp197,2794746
chr02,snp198,2975955
chr02,snp199,3032007
chr02,snp200,3033283
chr02,snp201,3086660
chr02,snp202,3087944
chr02,snp203,3246203
chr02,snp204,3246307
chr02,snp205,3284520
chr02,snp206,3325498
chr02,snp207,3325500
chr02,snp208,3372536
chr02,snp209,3421333
chr02,snp210,3433911
chr02,snp211,3439249
chr02,snp212,3439250
chr02,snp213,3439252
chr02,snp214,3466295
chr02,snp215,3510022
chr02,snp216,3545922
chr02,snp217,3563206
chr02,snp218,3664074
chr02,snp219,3664076
chr02,snp220,3731981
chr02,snp221,3766634
chr02,snp222,3831783
chr02,snp223,3846250
chr02,snp224,4369553
chr02,snp225,4390956
chr02,snp226,4390957
chr02,snp227,4398127
chr02,snp228,4413900
chr02,snp229,4417396
chr02,snp230,4436640
chr02,snp231,4451751
chr02,snp232,4451755
chr02,snp233,4451759
chr02,snp234,4531883
chr02,snp235,4558639
chr02,snp236,4559163
chr02,snp237,4801231
chr02,snp238,4870690
chr02,snp239,4873094
chr02,snp240,4885651
chr02,snp241,4885653
chr02,snp242,5032271
chr02,snp243,5048716
chr02,snp244,5048758
chr02,snp245,5048842
chr02,snp246,5048863
chr02,snp247,5048872
chr02,snp248,5056421
chr02,snp249,5115686
chr02,snp250,5148666
chr02,snp251,5458166
chr02,snp252,5459205
chr02,snp253,5496683
chr02,snp254,5542366
chr02,snp255,5816877
chr02,snp256,5817801
chr02,snp257,5866764
chr02,snp258,5904505
chr02,snp259,5993890
chr02,snp260,5994244
chr02,snp261,6042445
chr02,snp262,6052044
chr02,snp263,6167783
chr02,snp264,6169202
chr02,snp265,6371772
chr02,snp266,6372156
chr02,snp267,6372159
chr02,snp268,6405234
chr02,snp269,6405236
chr02,snp270,6464235
chr02,snp271,6489089
chr02,snp272,6489096
chr02,snp273,6494196
chr02,snp274,6693621
chr02,snp275,6745180
chr02,snp276,6745185
chr02,snp277,6758143
chr02,snp278,6758151
chr02,snp279,6758153
chr02,snp280,6759088
chr02,snp281,6799150
chr02,snp282,6799165
chr02,snp283,6805884
chr02,snp284,6824331
chr02,snp285,6848137
chr02,snp286,6853066
chr02,snp287,6931896
chr02,snp288,7001920
chr02,snp289,7244384
chr02,snp290,7291794
chr02,snp291,7336833
chr02,snp292,7337001
chr02,snp293,7342254
chr02,snp294,7372101
chr03,snp295,96799
chr03,snp296,119824
chr03,snp297,119825
chr03,snp298,194156
chr03,snp299,203068
chr03,snp300,221705
chr03,snp301,258523
chr03,snp302,298162
chr03,snp303,376376
chr03,snp304,376830
chr03,snp305,435737
chr03,snp306,488180
chr03,snp307,870592
chr03,snp308,880217
chr03,snp309,880222
chr03,snp310,880223
chr03,snp311,952767
chr03,snp312,965557
chr03,snp313,991611
chr03,snp314,1047786
chr03,snp315,1051280
chr03,snp316,1054332
chr03,snp317,1123731
chr03,snp318,1145532
chr03,snp319,1185358
chr03,snp320,1235441
chr03,snp321,1442678
chr03,snp322,1502333
chr03,snp323,1514872
chr03,snp324,1518958
chr03,snp325,1565560
chr03,snp326,1665717
chr03,snp327,1684613
chr03,snp328,1718376
chr03,snp329,2037542
chr03,snp330,2057521
chr03,snp331,2075631
chr03,snp332,2097701
chr03,snp333,2100629
chr03,snp334,2263345
chr03,snp335,2270457
chr03,snp336,2270523
chr03,snp337,2270533
chr03,snp338,2270550
chr03,snp339,2389341
chr03,snp340,2389343
chr03,snp341,2389344
chr03,snp342,2395695
chr03,snp343,2644877
chr03,snp344,2845563
chr03,snp345,2845565
chr03,snp346,2920957
chr03,snp347,2948002
chr03,snp348,3034861
chr03,snp349,3111642
chr03,snp350,3116586
chr03,snp351,3151381
chr03,snp352,3221690
chr03,snp353,3255347
chr03,snp354,3255348
chr03,snp355,3255350
chr03,snp356,3283938
chr03,snp357,3369104
chr03,snp358,3384705
chr03,snp359,3394073
chr03,snp360,3410598
chr03,snp361,3420026
chr03,snp362,3438062
chr03,snp363,3438064
chr03,snp364,3491224
chr03,snp365,3517240
chr03,snp366,3600131
chr03,snp367,3600326
chr03,snp368,3701560
chr03,snp369,3706056
chr03,snp370,3826148
chr03,snp371,3891757
chr03,snp372,3946294
chr03,snp373,3946303
chr03,snp374,3978505
chr03,snp375,4061122
chr03,snp376,4144865
chr03,snp377,4240382
chr03,snp378,4301474
chr03,snp379,4357251
chr03,snp380,4418831
chr03,snp381,4476087
chr03,snp382,4540627
chr03,snp383,4577498
chr03,snp384,4578892
chr03,snp385,4582087
chr03,snp386,4584096
chr03,snp387,4676382
chr03,snp388,4722848
chr03,snp389,4727903
chr03,snp390,4743379
chr03,snp391,4783465
chr03,snp392,4838884
chr03,snp393,4839264
chr03,snp394,4987301
chr03,snp395,5040223
chr03,snp396,5040224
chr03,snp397,5056173
chr03,snp398,5151997
chr03,snp399,5152554
chr03,snp400,5169582
chr03,snp401,5184418
chr03,snp402,5439888
chr03,snp403,5746159
chr03,snp404,5764410
chr03,snp405,5789173
chr03,snp406,5828132
chr03,snp407,5853038
chr04,snp408,141895
chr04,snp409,142415
chr04,snp410,168778
chr04,snp411,169477
chr04,snp412,266087
chr04,snp413,702832
chr04,snp414,750414
chr04,snp415,806480
chr04,snp416,902495
chr04,snp417,965101
chr04,snp418,1178496
chr04,snp419,1224940
chr04,snp420,1224944
chr04,snp421,1345665
chr04,snp422,1346251
chr04,snp423,1438474
chr04,snp424,1524826
chr04,snp425,1527039
chr04,snp426,1800308
chr04,snp427,1837784
chr04,snp428,1882851
chr04,snp429,1899519
chr04,snp430,1990660
chr04,snp431,2013715
chr04,snp432,2056867
chr04,snp433,2087529
chr04,snp434,2172527
chr04,snp435,2390286
chr04,snp436,2391280
chr04,snp437,2392444
chr04,snp438,2394068
chr04,snp439,2395192
chr04,snp440,2410371
chr04,snp441,2412331
chr04,snp442,2413010
chr04,snp443,2457126
chr04,snp444,2462074
chr04,snp445,2557039
chr04,snp446,2577251
chr04,snp447,2596660
chr04,snp448,2613010
chr04,snp449,2613017
chr04,snp450,2717807
chr04,snp451,2735299
chr04,snp452,2765083
chr04,snp453,2765094
chr04,snp454,2781806
chr04,snp455,2944148
chr04,snp456,2999113
chr05,snp457,367978
chr05,snp458,376161
chr05,snp459,607355
chr05,snp460,642123
chr05,snp461,676012
chr05,snp462,676015
chr05,snp463,676016
chr05,snp464,683059
chr05,snp465,774620
chr05,snp466,979205
chr05,snp467,983266
chr05,snp468,997902
chr05,snp469,1063395
chr05,snp470,1107580
chr05,snp471,1141336
chr05,snp472,1159580
chr05,snp473,1269415
chr05,snp474,1343131
chr05,snp475,1393153
chr05,snp476,1393155
chr05,snp477,1393161
chr05,snp478,1581634
chr05,snp479,1598192
chr05,snp480,1624868
chr05,snp481,1812582
chr05,snp482,1840245
chr05,snp483,2098147
chr05,snp484,2137165
chr05,snp485,2360524
chr05,snp486,2388332
chr05,snp487,2631979
chr05,snp488,2632158
chr05,snp489,2632160
chr05,snp490,2633102
chr05,snp491,2672490
chr05,snp492,2705166
chr05,snp493,2714890
chr05,snp494,2720692
chr05,snp495,2764088
chr05,snp496,2785838
chr05,snp497,3043670
chr05,snp498,3043674
chr05,snp499,3064037
chr05,snp500,3126076
chr05,snp501,3176369
chr05,snp502,3249133
chr05,snp503,3249135
chr05,snp504,3354493
chr06,snp505,179393
chr06,snp506,223771
chr06,snp507,347413
chr06,snp508,503860
chr06,snp509,626450
chr06,snp510,962436
chr06,snp511,1102033
chr06,snp512,1115243
chr06,snp513,1149137
chr06,snp514,1149142
chr06,snp515,1258764
chr06,snp516,1267000
chr06,snp517,1267094
chr06,snp518,1275339
chr06,snp519,1290552
chr06,snp520,1393879
chr06,snp521,1428138
chr06,snp522,1430757
chr06,snp523,1469898
chr06,snp524,1567323
chr06,snp525,1769273
chr06,snp526,1830160
chr06,snp527,1835731
chr06,snp528,1952320
chr06,snp529,2080848
chr06,snp530,2129941
chr06,snp531,2217402
chr06,snp532,2217403
chr06,snp533,2287170
chr06,snp534,2342582
chr06,snp535,2499474
chr06,snp536,2660270
chr06,snp537,2674045
chr06,snp538,3194715
chr06,snp539,3213680
chr06,snp540,3215747
chr06,snp541,3277528
chr06,snp542,3281305
chr06,snp543,3297682
chr07,snp544,54489
chr07,snp545,86223
chr07,snp546,88492
chr07,snp547,454242
chr07,snp548,504426
chr07,snp549,553770
chr07,snp550,584071
chr07,snp551,637248
chr07,snp552,637249
chr07,snp553,637250
chr07,snp554,780822
chr07,snp555,812455
chr07,snp556,830729
chr07,snp557,854561
chr07,snp558,1071656
chr07,snp559,1074295
chr07,snp560,1092295
chr07,snp561,1159532
chr07,snp562,1386581
chr07,snp563,1386583
chr07,snp564,1446388
chr07,snp565,1582129
chr07,snp566,1635816
chr07,snp567,1655223
chr07,snp568,1845256
chr07,snp569,1845257
chr07,snp570,1845259
chr07,snp571,1917247
chr07,snp572,2058464
chr07,snp573,2206273
chr07,snp574,2263721
chr07,snp575,2292953
chr07,snp576,2424604
chr07,snp577,2424618
chr07,snp578,2444489
chr07,snp579,2478513
chr07,snp580,2478514
chr07,snp581,2478515
chr07,snp582,2485061
chr07,snp583,2830835
chr07,snp584,2830840
chr07,snp585,2863193
chr07,snp586,2931699
chr07,snp587,3051405
chr07,snp588,3091147
chr08,snp589,14829
